CREATE TABLE [campaigns] ( 
  [id] INTEGER PRIMARY KEY AUTOINCREMENT,
  [name] VARCHAR NOT NULL
);
CREATE TABLE [rounds] ( 
  [id] INTEGER PRIMARY KEY AUTOINCREMENT,
  [campaign_id] INTEGER NOT NULL
);
CREATE TABLE [segments] ( 
  [id] INTEGER PRIMARY KEY AUTOINCREMENT,
  [round_id] INTEGER NOT NULL
);
INSERT INTO [campaigns] ([id], [name]) VALUES (1, 'Dolorem sit.');
INSERT INTO [campaigns] ([id], [name]) VALUES (2, 'MyTestCampaignDolor.');
INSERT INTO [campaigns] ([id], [name]) VALUES (3, 'Aut rerum nemo et.');
INSERT INTO [campaigns] ([id], [name]) VALUES (4, 'MyTestCampaignEt id.');
INSERT INTO [campaigns] ([id], [name]) VALUES (5, 'MyTestCampaignCum.');
INSERT INTO [campaigns] ([id], [name]) VALUES (6, 'Dolor sunt.');
INSERT INTO [campaigns] ([id], [name]) VALUES (7, 'MyTestCampaignSint est.');
INSERT INTO [campaigns] ([id], [name]) VALUES (8, 'Tempore recusandae.');
INSERT INTO [campaigns] ([id], [name]) VALUES (9, 'MyTestCampaignAut est.');
INSERT INTO [campaigns] ([id], [name]) VALUES (10, 'MyTestCampaignEaque.');
INSERT INTO [campaigns] ([id], [name]) VALUES (11, 'MyTestCampaignDelectus.');
INSERT INTO [campaigns] ([id], [name]) VALUES (12, 'Sapiente voluptatem.');
INSERT INTO [campaigns] ([id], [name]) VALUES (13, 'MyTestCampaignNesciunt.');
INSERT INTO [campaigns] ([id], [name]) VALUES (14, 'MyTestCampaignVel.');
INSERT INTO [campaigns] ([id], [name]) VALUES (15, 'Laborum quibusdam.');
INSERT INTO [campaigns] ([id], [name]) VALUES (16, 'MyTestCampaignDeleniti.');
INSERT INTO [campaigns] ([id], [name]) VALUES (17, 'MyTestCampaignPariatur.');
INSERT INTO [campaigns] ([id], [name]) VALUES (18, 'MyTestCampaignSed cum.');
INSERT INTO [campaigns] ([id], [name]) VALUES (19, 'MyTestCampaignOmnis.');
INSERT INTO [campaigns] ([id], [name]) VALUES (20, 'MyTestCampaignMagni nam.');
INSERT INTO [campaigns] ([id], [name]) VALUES (21, 'MyTestCampaignCum.');
INSERT INTO [campaigns] ([id], [name]) VALUES (22, 'Laboriosam.');
INSERT INTO [campaigns] ([id], [name]) VALUES (23, 'MyTestCampaignMolestiae.');
INSERT INTO [campaigns] ([id], [name]) VALUES (24, 'Ipsa et est modi id.');
INSERT INTO [campaigns] ([id], [name]) VALUES (25, 'MyTestCampaignDolorum.');
INSERT INTO [campaigns] ([id], [name]) VALUES (26, 'MyTestCampaignAmet.');
INSERT INTO [campaigns] ([id], [name]) VALUES (27, 'MyTestCampaignIllum quo.');
INSERT INTO [campaigns] ([id], [name]) VALUES (28, 'MyTestCampaignUllam.');
INSERT INTO [campaigns] ([id], [name]) VALUES (29, 'MyTestCampaignAnimi.');
INSERT INTO [campaigns] ([id], [name]) VALUES (30, 'Excepturi qui.');
INSERT INTO [campaigns] ([id], [name]) VALUES (31, 'MyTestCampaignVelit.');
INSERT INTO [campaigns] ([id], [name]) VALUES (32, 'Qui reiciendis nemo.');
INSERT INTO [campaigns] ([id], [name]) VALUES (33, 'Placeat dolorum et.');
INSERT INTO [campaigns] ([id], [name]) VALUES (34, 'MyTestCampaignNatus.');
INSERT INTO [campaigns] ([id], [name]) VALUES (35, 'MyTestCampaignAnimi.');
INSERT INTO [campaigns] ([id], [name]) VALUES (36, 'Reprehenderit nulla.');
INSERT INTO [campaigns] ([id], [name]) VALUES (37, 'MyTestCampaignFuga est.');
INSERT INTO [campaigns] ([id], [name]) VALUES (38, 'MyTestCampaignIpsum.');
INSERT INTO [campaigns] ([id], [name]) VALUES (39, 'MyTestCampaignId sed.');
INSERT INTO [campaigns] ([id], [name]) VALUES (40, 'MyTestCampaignIpsa vel.');
INSERT INTO [campaigns] ([id], [name]) VALUES (41, 'Ea adipisci debitis.');
INSERT INTO [campaigns] ([id], [name]) VALUES (42, 'MyTestCampaignQuibusdam.');
INSERT INTO [campaigns] ([id], [name]) VALUES (43, 'MyTestCampaignMagnam.');
INSERT INTO [campaigns] ([id], [name]) VALUES (44, 'MyTestCampaignProvident.');
INSERT INTO [campaigns] ([id], [name]) VALUES (45, 'MyTestCampaignSed.');
INSERT INTO [campaigns] ([id], [name]) VALUES (46, 'Ut esse ipsum omnis.');
INSERT INTO [campaigns] ([id], [name]) VALUES (47, 'MyTestCampaignUt non.');
INSERT INTO [campaigns] ([id], [name]) VALUES (48, 'MyTestCampaignRatione.');
INSERT INTO [campaigns] ([id], [name]) VALUES (49, 'Temporibus dolore.');
INSERT INTO [campaigns] ([id], [name]) VALUES (50, 'Ad recusandae.');
INSERT INTO [campaigns] ([id], [name]) VALUES (51, 'MyTestCampaignQui.');
INSERT INTO [campaigns] ([id], [name]) VALUES (52, 'MyTestCampaignDolore.');
INSERT INTO [campaigns] ([id], [name]) VALUES (53, 'MyTestCampaignVero.');
INSERT INTO [campaigns] ([id], [name]) VALUES (54, 'Ipsum eos aut.');
INSERT INTO [campaigns] ([id], [name]) VALUES (55, 'Tempora voluptas.');
INSERT INTO [campaigns] ([id], [name]) VALUES (56, 'Sit est at.');
INSERT INTO [campaigns] ([id], [name]) VALUES (57, 'MyTestCampaignHic.');
INSERT INTO [campaigns] ([id], [name]) VALUES (58, 'Et nihil ut.');
INSERT INTO [campaigns] ([id], [name]) VALUES (59, 'MyTestCampaignNemo.');
INSERT INTO [campaigns] ([id], [name]) VALUES (60, 'Cumque aut quia.');
INSERT INTO [campaigns] ([id], [name]) VALUES (61, 'Soluta sint.');
INSERT INTO [campaigns] ([id], [name]) VALUES (62, 'MyTestCampaignFacere.');
INSERT INTO [campaigns] ([id], [name]) VALUES (63, 'MyTestCampaignNemo sint.');
INSERT INTO [campaigns] ([id], [name]) VALUES (64, 'MyTestCampaignDebitis.');
INSERT INTO [campaigns] ([id], [name]) VALUES (65, 'Ea exercitationem.');
INSERT INTO [campaigns] ([id], [name]) VALUES (66, 'Voluptatibus.');
INSERT INTO [campaigns] ([id], [name]) VALUES (67, 'Voluptatem incidunt.');
INSERT INTO [campaigns] ([id], [name]) VALUES (68, 'MyTestCampaignQuos.');
INSERT INTO [campaigns] ([id], [name]) VALUES (69, 'Ipsum nesciunt.');
INSERT INTO [campaigns] ([id], [name]) VALUES (70, 'MyTestCampaignEst sit.');
INSERT INTO [campaigns] ([id], [name]) VALUES (71, 'MyTestCampaignEveniet.');
INSERT INTO [campaigns] ([id], [name]) VALUES (72, 'MyTestCampaignQuisquam.');
INSERT INTO [campaigns] ([id], [name]) VALUES (73, 'MyTestCampaignIllum in.');
INSERT INTO [campaigns] ([id], [name]) VALUES (74, 'MyTestCampaignQuia.');
INSERT INTO [campaigns] ([id], [name]) VALUES (75, 'Sint et maxime et.');
INSERT INTO [campaigns] ([id], [name]) VALUES (76, 'MyTestCampaignAliquid.');
INSERT INTO [campaigns] ([id], [name]) VALUES (77, 'MyTestCampaignPlaceat.');
INSERT INTO [campaigns] ([id], [name]) VALUES (78, 'Temporibus ad enim.');
INSERT INTO [campaigns] ([id], [name]) VALUES (79, 'Accusantium est at.');
INSERT INTO [campaigns] ([id], [name]) VALUES (80, 'MyTestCampaignTenetur.');
INSERT INTO [rounds] ([id], [campaign_id]) VALUES (1, 16);
INSERT INTO [rounds] ([id], [campaign_id]) VALUES (2, 75);
INSERT INTO [rounds] ([id], [campaign_id]) VALUES (3, 50);
INSERT INTO [rounds] ([id], [campaign_id]) VALUES (4, 48);
INSERT INTO [rounds] ([id], [campaign_id]) VALUES (5, 62);
INSERT INTO [rounds] ([id], [campaign_id]) VALUES (6, 2);
INSERT INTO [rounds] ([id], [campaign_id]) VALUES (7, 28);
INSERT INTO [rounds] ([id], [campaign_id]) VALUES (8, 9);
INSERT INTO [rounds] ([id], [campaign_id]) VALUES (9, 65);
INSERT INTO [rounds] ([id], [campaign_id]) VALUES (10, 47);
INSERT INTO [rounds] ([id], [campaign_id]) VALUES (11, 76);
INSERT INTO [rounds] ([id], [campaign_id]) VALUES (12, 2);
INSERT INTO [rounds] ([id], [campaign_id]) VALUES (13, 63);
INSERT INTO [rounds] ([id], [campaign_id]) VALUES (14, 80);
INSERT INTO [rounds] ([id], [campaign_id]) VALUES (15, 16);
INSERT INTO [rounds] ([id], [campaign_id]) VALUES (16, 55);
INSERT INTO [rounds] ([id], [campaign_id]) VALUES (17, 42);
INSERT INTO [rounds] ([id], [campaign_id]) VALUES (18, 47);
INSERT INTO [rounds] ([id], [campaign_id]) VALUES (19, 16);
INSERT INTO [rounds] ([id], [campaign_id]) VALUES (20, 19);
INSERT INTO [rounds] ([id], [campaign_id]) VALUES (21, 31);
INSERT INTO [rounds] ([id], [campaign_id]) VALUES (22, 15);
INSERT INTO [rounds] ([id], [campaign_id]) VALUES (23, 60);
INSERT INTO [rounds] ([id], [campaign_id]) VALUES (24, 46);
INSERT INTO [rounds] ([id], [campaign_id]) VALUES (25, 25);
INSERT INTO [rounds] ([id], [campaign_id]) VALUES (26, 2);
INSERT INTO [rounds] ([id], [campaign_id]) VALUES (27, 19);
INSERT INTO [rounds] ([id], [campaign_id]) VALUES (28, 60);
INSERT INTO [rounds] ([id], [campaign_id]) VALUES (29, 60);
INSERT INTO [rounds] ([id], [campaign_id]) VALUES (30, 10);
INSERT INTO [rounds] ([id], [campaign_id]) VALUES (31, 5);
INSERT INTO [rounds] ([id], [campaign_id]) VALUES (32, 57);
INSERT INTO [rounds] ([id], [campaign_id]) VALUES (33, 51);
INSERT INTO [rounds] ([id], [campaign_id]) VALUES (34, 7);
INSERT INTO [rounds] ([id], [campaign_id]) VALUES (35, 15);
INSERT INTO [rounds] ([id], [campaign_id]) VALUES (36, 39);
INSERT INTO [rounds] ([id], [campaign_id]) VALUES (37, 65);
INSERT INTO [rounds] ([id], [campaign_id]) VALUES (38, 26);
INSERT INTO [rounds] ([id], [campaign_id]) VALUES (39, 37);
INSERT INTO [rounds] ([id], [campaign_id]) VALUES (40, 48);
INSERT INTO [rounds] ([id], [campaign_id]) VALUES (41, 72);
INSERT INTO [rounds] ([id], [campaign_id]) VALUES (42, 77);
INSERT INTO [rounds] ([id], [campaign_id]) VALUES (43, 52);
INSERT INTO [rounds] ([id], [campaign_id]) VALUES (44, 67);
INSERT INTO [rounds] ([id], [campaign_id]) VALUES (45, 56);
INSERT INTO [rounds] ([id], [campaign_id]) VALUES (46, 79);
INSERT INTO [rounds] ([id], [campaign_id]) VALUES (47, 51);
INSERT INTO [rounds] ([id], [campaign_id]) VALUES (48, 41);
INSERT INTO [rounds] ([id], [campaign_id]) VALUES (49, 18);
INSERT INTO [rounds] ([id], [campaign_id]) VALUES (50, 6);
INSERT INTO [rounds] ([id], [campaign_id]) VALUES (51, 53);
INSERT INTO [rounds] ([id], [campaign_id]) VALUES (52, 37);
INSERT INTO [rounds] ([id], [campaign_id]) VALUES (53, 12);
INSERT INTO [rounds] ([id], [campaign_id]) VALUES (54, 12);
INSERT INTO [rounds] ([id], [campaign_id]) VALUES (55, 53);
INSERT INTO [rounds] ([id], [campaign_id]) VALUES (56, 38);
INSERT INTO [rounds] ([id], [campaign_id]) VALUES (57, 58);
INSERT INTO [rounds] ([id], [campaign_id]) VALUES (58, 74);
INSERT INTO [rounds] ([id], [campaign_id]) VALUES (59, 11);
INSERT INTO [rounds] ([id], [campaign_id]) VALUES (60, 66);
INSERT INTO [rounds] ([id], [campaign_id]) VALUES (61, 11);
INSERT INTO [rounds] ([id], [campaign_id]) VALUES (62, 10);
INSERT INTO [rounds] ([id], [campaign_id]) VALUES (63, 52);
INSERT INTO [rounds] ([id], [campaign_id]) VALUES (64, 30);
INSERT INTO [rounds] ([id], [campaign_id]) VALUES (65, 80);
INSERT INTO [rounds] ([id], [campaign_id]) VALUES (66, 11);
INSERT INTO [rounds] ([id], [campaign_id]) VALUES (67, 51);
INSERT INTO [rounds] ([id], [campaign_id]) VALUES (68, 6);
INSERT INTO [rounds] ([id], [campaign_id]) VALUES (69, 72);
INSERT INTO [rounds] ([id], [campaign_id]) VALUES (70, 38);
INSERT INTO [rounds] ([id], [campaign_id]) VALUES (71, 56);
INSERT INTO [rounds] ([id], [campaign_id]) VALUES (72, 38);
INSERT INTO [rounds] ([id], [campaign_id]) VALUES (73, 47);
INSERT INTO [rounds] ([id], [campaign_id]) VALUES (74, 67);
INSERT INTO [rounds] ([id], [campaign_id]) VALUES (75, 1);
INSERT INTO [rounds] ([id], [campaign_id]) VALUES (76, 45);
INSERT INTO [rounds] ([id], [campaign_id]) VALUES (77, 27);
INSERT INTO [rounds] ([id], [campaign_id]) VALUES (78, 57);
INSERT INTO [rounds] ([id], [campaign_id]) VALUES (79, 21);
INSERT INTO [rounds] ([id], [campaign_id]) VALUES (80, 3);
INSERT INTO [rounds] ([id], [campaign_id]) VALUES (81, 47);
INSERT INTO [rounds] ([id], [campaign_id]) VALUES (82, 50);
INSERT INTO [rounds] ([id], [campaign_id]) VALUES (83, 42);
INSERT INTO [rounds] ([id], [campaign_id]) VALUES (84, 28);
INSERT INTO [rounds] ([id], [campaign_id]) VALUES (85, 25);
INSERT INTO [rounds] ([id], [campaign_id]) VALUES (86, 31);
INSERT INTO [rounds] ([id], [campaign_id]) VALUES (87, 33);
INSERT INTO [rounds] ([id], [campaign_id]) VALUES (88, 55);
INSERT INTO [rounds] ([id], [campaign_id]) VALUES (89, 8);
INSERT INTO [rounds] ([id], [campaign_id]) VALUES (90, 17);
INSERT INTO [rounds] ([id], [campaign_id]) VALUES (91, 23);
INSERT INTO [rounds] ([id], [campaign_id]) VALUES (92, 32);
INSERT INTO [rounds] ([id], [campaign_id]) VALUES (93, 64);
INSERT INTO [rounds] ([id], [campaign_id]) VALUES (94, 23);
INSERT INTO [rounds] ([id], [campaign_id]) VALUES (95, 35);
INSERT INTO [rounds] ([id], [campaign_id]) VALUES (96, 35);
INSERT INTO [rounds] ([id], [campaign_id]) VALUES (97, 28);
INSERT INTO [rounds] ([id], [campaign_id]) VALUES (98, 62);
INSERT INTO [rounds] ([id], [campaign_id]) VALUES (99, 17);
INSERT INTO [rounds] ([id], [campaign_id]) VALUES (100, 22);
INSERT INTO [rounds] ([id], [campaign_id]) VALUES (101, 2);
INSERT INTO [rounds] ([id], [campaign_id]) VALUES (102, 47);
INSERT INTO [rounds] ([id], [campaign_id]) VALUES (103, 61);
INSERT INTO [rounds] ([id], [campaign_id]) VALUES (104, 44);
INSERT INTO [rounds] ([id], [campaign_id]) VALUES (105, 21);
INSERT INTO [rounds] ([id], [campaign_id]) VALUES (106, 1);
INSERT INTO [rounds] ([id], [campaign_id]) VALUES (107, 27);
INSERT INTO [rounds] ([id], [campaign_id]) VALUES (108, 7);
INSERT INTO [rounds] ([id], [campaign_id]) VALUES (109, 47);
INSERT INTO [rounds] ([id], [campaign_id]) VALUES (110, 23);
INSERT INTO [rounds] ([id], [campaign_id]) VALUES (111, 3);
INSERT INTO [rounds] ([id], [campaign_id]) VALUES (112, 42);
INSERT INTO [rounds] ([id], [campaign_id]) VALUES (113, 12);
INSERT INTO [rounds] ([id], [campaign_id]) VALUES (114, 47);
INSERT INTO [rounds] ([id], [campaign_id]) VALUES (115, 46);
INSERT INTO [rounds] ([id], [campaign_id]) VALUES (116, 58);
INSERT INTO [rounds] ([id], [campaign_id]) VALUES (117, 27);
INSERT INTO [rounds] ([id], [campaign_id]) VALUES (118, 68);
INSERT INTO [rounds] ([id], [campaign_id]) VALUES (119, 57);
INSERT INTO [rounds] ([id], [campaign_id]) VALUES (120, 53);
INSERT INTO [rounds] ([id], [campaign_id]) VALUES (121, 67);
INSERT INTO [rounds] ([id], [campaign_id]) VALUES (122, 34);
INSERT INTO [rounds] ([id], [campaign_id]) VALUES (123, 44);
INSERT INTO [rounds] ([id], [campaign_id]) VALUES (124, 43);
INSERT INTO [rounds] ([id], [campaign_id]) VALUES (125, 46);
INSERT INTO [rounds] ([id], [campaign_id]) VALUES (126, 45);
INSERT INTO [rounds] ([id], [campaign_id]) VALUES (127, 10);
INSERT INTO [rounds] ([id], [campaign_id]) VALUES (128, 36);
INSERT INTO [rounds] ([id], [campaign_id]) VALUES (129, 60);
INSERT INTO [rounds] ([id], [campaign_id]) VALUES (130, 42);
INSERT INTO [rounds] ([id], [campaign_id]) VALUES (131, 19);
INSERT INTO [rounds] ([id], [campaign_id]) VALUES (132, 46);
INSERT INTO [rounds] ([id], [campaign_id]) VALUES (133, 67);
INSERT INTO [rounds] ([id], [campaign_id]) VALUES (134, 51);
INSERT INTO [rounds] ([id], [campaign_id]) VALUES (135, 37);
INSERT INTO [rounds] ([id], [campaign_id]) VALUES (136, 20);
INSERT INTO [rounds] ([id], [campaign_id]) VALUES (137, 74);
INSERT INTO [rounds] ([id], [campaign_id]) VALUES (138, 8);
INSERT INTO [rounds] ([id], [campaign_id]) VALUES (139, 3);
INSERT INTO [rounds] ([id], [campaign_id]) VALUES (140, 15);
INSERT INTO [rounds] ([id], [campaign_id]) VALUES (141, 16);
INSERT INTO [rounds] ([id], [campaign_id]) VALUES (142, 8);
INSERT INTO [rounds] ([id], [campaign_id]) VALUES (143, 23);
INSERT INTO [rounds] ([id], [campaign_id]) VALUES (144, 37);
INSERT INTO [rounds] ([id], [campaign_id]) VALUES (145, 3);
INSERT INTO [rounds] ([id], [campaign_id]) VALUES (146, 10);
INSERT INTO [rounds] ([id], [campaign_id]) VALUES (147, 63);
INSERT INTO [rounds] ([id], [campaign_id]) VALUES (148, 52);
INSERT INTO [rounds] ([id], [campaign_id]) VALUES (149, 73);
INSERT INTO [rounds] ([id], [campaign_id]) VALUES (150, 39);
INSERT INTO [rounds] ([id], [campaign_id]) VALUES (151, 15);
INSERT INTO [rounds] ([id], [campaign_id]) VALUES (152, 30);
INSERT INTO [rounds] ([id], [campaign_id]) VALUES (153, 69);
INSERT INTO [rounds] ([id], [campaign_id]) VALUES (154, 2);
INSERT INTO [rounds] ([id], [campaign_id]) VALUES (155, 35);
INSERT INTO [rounds] ([id], [campaign_id]) VALUES (156, 36);
INSERT INTO [rounds] ([id], [campaign_id]) VALUES (157, 29);
INSERT INTO [rounds] ([id], [campaign_id]) VALUES (158, 21);
INSERT INTO [rounds] ([id], [campaign_id]) VALUES (159, 52);
INSERT INTO [rounds] ([id], [campaign_id]) VALUES (160, 16);
INSERT INTO [rounds] ([id], [campaign_id]) VALUES (161, 49);
INSERT INTO [rounds] ([id], [campaign_id]) VALUES (162, 27);
INSERT INTO [rounds] ([id], [campaign_id]) VALUES (163, 10);
INSERT INTO [rounds] ([id], [campaign_id]) VALUES (164, 17);
INSERT INTO [rounds] ([id], [campaign_id]) VALUES (165, 33);
INSERT INTO [rounds] ([id], [campaign_id]) VALUES (166, 19);
INSERT INTO [rounds] ([id], [campaign_id]) VALUES (167, 34);
INSERT INTO [rounds] ([id], [campaign_id]) VALUES (168, 43);
INSERT INTO [rounds] ([id], [campaign_id]) VALUES (169, 75);
INSERT INTO [rounds] ([id], [campaign_id]) VALUES (170, 72);
INSERT INTO [rounds] ([id], [campaign_id]) VALUES (171, 10);
INSERT INTO [rounds] ([id], [campaign_id]) VALUES (172, 47);
INSERT INTO [rounds] ([id], [campaign_id]) VALUES (173, 4);
INSERT INTO [rounds] ([id], [campaign_id]) VALUES (174, 58);
INSERT INTO [rounds] ([id], [campaign_id]) VALUES (175, 79);
INSERT INTO [rounds] ([id], [campaign_id]) VALUES (176, 12);
INSERT INTO [rounds] ([id], [campaign_id]) VALUES (177, 55);
INSERT INTO [rounds] ([id], [campaign_id]) VALUES (178, 45);
INSERT INTO [rounds] ([id], [campaign_id]) VALUES (179, 17);
INSERT INTO [rounds] ([id], [campaign_id]) VALUES (180, 64);
INSERT INTO [rounds] ([id], [campaign_id]) VALUES (181, 55);
INSERT INTO [rounds] ([id], [campaign_id]) VALUES (182, 70);
INSERT INTO [rounds] ([id], [campaign_id]) VALUES (183, 74);
INSERT INTO [rounds] ([id], [campaign_id]) VALUES (184, 76);
INSERT INTO [rounds] ([id], [campaign_id]) VALUES (185, 77);
INSERT INTO [rounds] ([id], [campaign_id]) VALUES (186, 42);
INSERT INTO [rounds] ([id], [campaign_id]) VALUES (187, 69);
INSERT INTO [rounds] ([id], [campaign_id]) VALUES (188, 27);
INSERT INTO [rounds] ([id], [campaign_id]) VALUES (189, 12);
INSERT INTO [rounds] ([id], [campaign_id]) VALUES (190, 62);
INSERT INTO [rounds] ([id], [campaign_id]) VALUES (191, 64);
INSERT INTO [rounds] ([id], [campaign_id]) VALUES (192, 25);
INSERT INTO [rounds] ([id], [campaign_id]) VALUES (193, 57);
INSERT INTO [rounds] ([id], [campaign_id]) VALUES (194, 12);
INSERT INTO [rounds] ([id], [campaign_id]) VALUES (195, 48);
INSERT INTO [rounds] ([id], [campaign_id]) VALUES (196, 2);
INSERT INTO [rounds] ([id], [campaign_id]) VALUES (197, 43);
INSERT INTO [rounds] ([id], [campaign_id]) VALUES (198, 47);
INSERT INTO [rounds] ([id], [campaign_id]) VALUES (199, 13);
INSERT INTO [rounds] ([id], [campaign_id]) VALUES (200, 78);
INSERT INTO [rounds] ([id], [campaign_id]) VALUES (201, 25);
INSERT INTO [rounds] ([id], [campaign_id]) VALUES (202, 50);
INSERT INTO [rounds] ([id], [campaign_id]) VALUES (203, 74);
INSERT INTO [rounds] ([id], [campaign_id]) VALUES (204, 66);
INSERT INTO [rounds] ([id], [campaign_id]) VALUES (205, 42);
INSERT INTO [rounds] ([id], [campaign_id]) VALUES (206, 19);
INSERT INTO [rounds] ([id], [campaign_id]) VALUES (207, 74);
INSERT INTO [rounds] ([id], [campaign_id]) VALUES (208, 41);
INSERT INTO [rounds] ([id], [campaign_id]) VALUES (209, 69);
INSERT INTO [rounds] ([id], [campaign_id]) VALUES (210, 63);
INSERT INTO [rounds] ([id], [campaign_id]) VALUES (211, 56);
INSERT INTO [rounds] ([id], [campaign_id]) VALUES (212, 57);
INSERT INTO [rounds] ([id], [campaign_id]) VALUES (213, 30);
INSERT INTO [rounds] ([id], [campaign_id]) VALUES (214, 41);
INSERT INTO [rounds] ([id], [campaign_id]) VALUES (215, 39);
INSERT INTO [rounds] ([id], [campaign_id]) VALUES (216, 67);
INSERT INTO [rounds] ([id], [campaign_id]) VALUES (217, 70);
INSERT INTO [rounds] ([id], [campaign_id]) VALUES (218, 10);
INSERT INTO [rounds] ([id], [campaign_id]) VALUES (219, 50);
INSERT INTO [rounds] ([id], [campaign_id]) VALUES (220, 7);
INSERT INTO [rounds] ([id], [campaign_id]) VALUES (221, 1);
INSERT INTO [rounds] ([id], [campaign_id]) VALUES (222, 5);
INSERT INTO [rounds] ([id], [campaign_id]) VALUES (223, 20);
INSERT INTO [rounds] ([id], [campaign_id]) VALUES (224, 59);
INSERT INTO [rounds] ([id], [campaign_id]) VALUES (225, 13);
INSERT INTO [rounds] ([id], [campaign_id]) VALUES (226, 58);
INSERT INTO [rounds] ([id], [campaign_id]) VALUES (227, 20);
INSERT INTO [rounds] ([id], [campaign_id]) VALUES (228, 39);
INSERT INTO [rounds] ([id], [campaign_id]) VALUES (229, 31);
INSERT INTO [rounds] ([id], [campaign_id]) VALUES (230, 2);
INSERT INTO [rounds] ([id], [campaign_id]) VALUES (231, 76);
INSERT INTO [rounds] ([id], [campaign_id]) VALUES (232, 19);
INSERT INTO [rounds] ([id], [campaign_id]) VALUES (233, 69);
INSERT INTO [rounds] ([id], [campaign_id]) VALUES (234, 55);
INSERT INTO [rounds] ([id], [campaign_id]) VALUES (235, 60);
INSERT INTO [rounds] ([id], [campaign_id]) VALUES (236, 44);
INSERT INTO [rounds] ([id], [campaign_id]) VALUES (237, 72);
INSERT INTO [rounds] ([id], [campaign_id]) VALUES (238, 2);
INSERT INTO [rounds] ([id], [campaign_id]) VALUES (239, 11);
INSERT INTO [rounds] ([id], [campaign_id]) VALUES (240, 35);
INSERT INTO [rounds] ([id], [campaign_id]) VALUES (241, 56);
INSERT INTO [rounds] ([id], [campaign_id]) VALUES (242, 49);
INSERT INTO [rounds] ([id], [campaign_id]) VALUES (243, 19);
INSERT INTO [rounds] ([id], [campaign_id]) VALUES (244, 46);
INSERT INTO [rounds] ([id], [campaign_id]) VALUES (245, 55);
INSERT INTO [rounds] ([id], [campaign_id]) VALUES (246, 31);
INSERT INTO [rounds] ([id], [campaign_id]) VALUES (247, 23);
INSERT INTO [rounds] ([id], [campaign_id]) VALUES (248, 20);
INSERT INTO [rounds] ([id], [campaign_id]) VALUES (249, 46);
INSERT INTO [rounds] ([id], [campaign_id]) VALUES (250, 18);
INSERT INTO [rounds] ([id], [campaign_id]) VALUES (251, 79);
INSERT INTO [rounds] ([id], [campaign_id]) VALUES (252, 34);
INSERT INTO [rounds] ([id], [campaign_id]) VALUES (253, 19);
INSERT INTO [rounds] ([id], [campaign_id]) VALUES (254, 34);
INSERT INTO [rounds] ([id], [campaign_id]) VALUES (255, 16);
INSERT INTO [rounds] ([id], [campaign_id]) VALUES (256, 32);
INSERT INTO [rounds] ([id], [campaign_id]) VALUES (257, 22);
INSERT INTO [rounds] ([id], [campaign_id]) VALUES (258, 21);
INSERT INTO [rounds] ([id], [campaign_id]) VALUES (259, 8);
INSERT INTO [rounds] ([id], [campaign_id]) VALUES (260, 51);
INSERT INTO [rounds] ([id], [campaign_id]) VALUES (261, 64);
INSERT INTO [rounds] ([id], [campaign_id]) VALUES (262, 23);
INSERT INTO [rounds] ([id], [campaign_id]) VALUES (263, 15);
INSERT INTO [rounds] ([id], [campaign_id]) VALUES (264, 16);
INSERT INTO [rounds] ([id], [campaign_id]) VALUES (265, 36);
INSERT INTO [rounds] ([id], [campaign_id]) VALUES (266, 49);
INSERT INTO [rounds] ([id], [campaign_id]) VALUES (267, 53);
INSERT INTO [rounds] ([id], [campaign_id]) VALUES (268, 29);
INSERT INTO [rounds] ([id], [campaign_id]) VALUES (269, 43);
INSERT INTO [rounds] ([id], [campaign_id]) VALUES (270, 57);
INSERT INTO [rounds] ([id], [campaign_id]) VALUES (271, 23);
INSERT INTO [rounds] ([id], [campaign_id]) VALUES (272, 44);
INSERT INTO [rounds] ([id], [campaign_id]) VALUES (273, 4);
INSERT INTO [rounds] ([id], [campaign_id]) VALUES (274, 46);
INSERT INTO [rounds] ([id], [campaign_id]) VALUES (275, 66);
INSERT INTO [rounds] ([id], [campaign_id]) VALUES (276, 32);
INSERT INTO [rounds] ([id], [campaign_id]) VALUES (277, 76);
INSERT INTO [rounds] ([id], [campaign_id]) VALUES (278, 48);
INSERT INTO [rounds] ([id], [campaign_id]) VALUES (279, 18);
INSERT INTO [rounds] ([id], [campaign_id]) VALUES (280, 46);
INSERT INTO [rounds] ([id], [campaign_id]) VALUES (281, 70);
INSERT INTO [rounds] ([id], [campaign_id]) VALUES (282, 32);
INSERT INTO [rounds] ([id], [campaign_id]) VALUES (283, 30);
INSERT INTO [rounds] ([id], [campaign_id]) VALUES (284, 49);
INSERT INTO [rounds] ([id], [campaign_id]) VALUES (285, 64);
INSERT INTO [rounds] ([id], [campaign_id]) VALUES (286, 11);
INSERT INTO [rounds] ([id], [campaign_id]) VALUES (287, 44);
INSERT INTO [rounds] ([id], [campaign_id]) VALUES (288, 27);
INSERT INTO [rounds] ([id], [campaign_id]) VALUES (289, 79);
INSERT INTO [rounds] ([id], [campaign_id]) VALUES (290, 42);
INSERT INTO [rounds] ([id], [campaign_id]) VALUES (291, 10);
INSERT INTO [rounds] ([id], [campaign_id]) VALUES (292, 45);
INSERT INTO [rounds] ([id], [campaign_id]) VALUES (293, 34);
INSERT INTO [rounds] ([id], [campaign_id]) VALUES (294, 28);
INSERT INTO [rounds] ([id], [campaign_id]) VALUES (295, 58);
INSERT INTO [rounds] ([id], [campaign_id]) VALUES (296, 31);
INSERT INTO [rounds] ([id], [campaign_id]) VALUES (297, 37);
INSERT INTO [rounds] ([id], [campaign_id]) VALUES (298, 44);
INSERT INTO [rounds] ([id], [campaign_id]) VALUES (299, 16);
INSERT INTO [rounds] ([id], [campaign_id]) VALUES (300, 4);
INSERT INTO [rounds] ([id], [campaign_id]) VALUES (301, 42);
INSERT INTO [rounds] ([id], [campaign_id]) VALUES (302, 27);
INSERT INTO [rounds] ([id], [campaign_id]) VALUES (303, 9);
INSERT INTO [rounds] ([id], [campaign_id]) VALUES (304, 27);
INSERT INTO [rounds] ([id], [campaign_id]) VALUES (305, 80);
INSERT INTO [rounds] ([id], [campaign_id]) VALUES (306, 37);
INSERT INTO [rounds] ([id], [campaign_id]) VALUES (307, 78);
INSERT INTO [rounds] ([id], [campaign_id]) VALUES (308, 29);
INSERT INTO [rounds] ([id], [campaign_id]) VALUES (309, 48);
INSERT INTO [rounds] ([id], [campaign_id]) VALUES (310, 44);
INSERT INTO [rounds] ([id], [campaign_id]) VALUES (311, 11);
INSERT INTO [rounds] ([id], [campaign_id]) VALUES (312, 40);
INSERT INTO [rounds] ([id], [campaign_id]) VALUES (313, 62);
INSERT INTO [rounds] ([id], [campaign_id]) VALUES (314, 62);
INSERT INTO [rounds] ([id], [campaign_id]) VALUES (315, 40);
INSERT INTO [rounds] ([id], [campaign_id]) VALUES (316, 2);
INSERT INTO [rounds] ([id], [campaign_id]) VALUES (317, 50);
INSERT INTO [rounds] ([id], [campaign_id]) VALUES (318, 78);
INSERT INTO [rounds] ([id], [campaign_id]) VALUES (319, 77);
INSERT INTO [rounds] ([id], [campaign_id]) VALUES (320, 65);
INSERT INTO [rounds] ([id], [campaign_id]) VALUES (321, 36);
INSERT INTO [rounds] ([id], [campaign_id]) VALUES (322, 3);
INSERT INTO [rounds] ([id], [campaign_id]) VALUES (323, 75);
INSERT INTO [rounds] ([id], [campaign_id]) VALUES (324, 53);
INSERT INTO [rounds] ([id], [campaign_id]) VALUES (325, 25);
INSERT INTO [rounds] ([id], [campaign_id]) VALUES (326, 67);
INSERT INTO [rounds] ([id], [campaign_id]) VALUES (327, 54);
INSERT INTO [rounds] ([id], [campaign_id]) VALUES (328, 39);
INSERT INTO [rounds] ([id], [campaign_id]) VALUES (329, 45);
INSERT INTO [rounds] ([id], [campaign_id]) VALUES (330, 68);
INSERT INTO [rounds] ([id], [campaign_id]) VALUES (331, 78);
INSERT INTO [rounds] ([id], [campaign_id]) VALUES (332, 8);
INSERT INTO [rounds] ([id], [campaign_id]) VALUES (333, 31);
INSERT INTO [rounds] ([id], [campaign_id]) VALUES (334, 22);
INSERT INTO [rounds] ([id], [campaign_id]) VALUES (335, 16);
INSERT INTO [rounds] ([id], [campaign_id]) VALUES (336, 5);
INSERT INTO [rounds] ([id], [campaign_id]) VALUES (337, 17);
INSERT INTO [rounds] ([id], [campaign_id]) VALUES (338, 80);
INSERT INTO [rounds] ([id], [campaign_id]) VALUES (339, 18);
INSERT INTO [rounds] ([id], [campaign_id]) VALUES (340, 7);
INSERT INTO [rounds] ([id], [campaign_id]) VALUES (341, 72);
INSERT INTO [rounds] ([id], [campaign_id]) VALUES (342, 66);
INSERT INTO [rounds] ([id], [campaign_id]) VALUES (343, 62);
INSERT INTO [rounds] ([id], [campaign_id]) VALUES (344, 9);
INSERT INTO [rounds] ([id], [campaign_id]) VALUES (345, 61);
INSERT INTO [rounds] ([id], [campaign_id]) VALUES (346, 60);
INSERT INTO [rounds] ([id], [campaign_id]) VALUES (347, 69);
INSERT INTO [rounds] ([id], [campaign_id]) VALUES (348, 29);
INSERT INTO [rounds] ([id], [campaign_id]) VALUES (349, 32);
INSERT INTO [rounds] ([id], [campaign_id]) VALUES (350, 57);
INSERT INTO [rounds] ([id], [campaign_id]) VALUES (351, 66);
INSERT INTO [rounds] ([id], [campaign_id]) VALUES (352, 26);
INSERT INTO [rounds] ([id], [campaign_id]) VALUES (353, 32);
INSERT INTO [rounds] ([id], [campaign_id]) VALUES (354, 16);
INSERT INTO [rounds] ([id], [campaign_id]) VALUES (355, 55);
INSERT INTO [rounds] ([id], [campaign_id]) VALUES (356, 21);
INSERT INTO [rounds] ([id], [campaign_id]) VALUES (357, 27);
INSERT INTO [rounds] ([id], [campaign_id]) VALUES (358, 59);
INSERT INTO [rounds] ([id], [campaign_id]) VALUES (359, 42);
INSERT INTO [rounds] ([id], [campaign_id]) VALUES (360, 11);
INSERT INTO [rounds] ([id], [campaign_id]) VALUES (361, 1);
INSERT INTO [rounds] ([id], [campaign_id]) VALUES (362, 23);
INSERT INTO [rounds] ([id], [campaign_id]) VALUES (363, 23);
INSERT INTO [rounds] ([id], [campaign_id]) VALUES (364, 43);
INSERT INTO [rounds] ([id], [campaign_id]) VALUES (365, 33);
INSERT INTO [rounds] ([id], [campaign_id]) VALUES (366, 23);
INSERT INTO [rounds] ([id], [campaign_id]) VALUES (367, 16);
INSERT INTO [rounds] ([id], [campaign_id]) VALUES (368, 79);
INSERT INTO [rounds] ([id], [campaign_id]) VALUES (369, 39);
INSERT INTO [rounds] ([id], [campaign_id]) VALUES (370, 8);
INSERT INTO [rounds] ([id], [campaign_id]) VALUES (371, 61);
INSERT INTO [rounds] ([id], [campaign_id]) VALUES (372, 21);
INSERT INTO [rounds] ([id], [campaign_id]) VALUES (373, 70);
INSERT INTO [rounds] ([id], [campaign_id]) VALUES (374, 16);
INSERT INTO [rounds] ([id], [campaign_id]) VALUES (375, 68);
INSERT INTO [rounds] ([id], [campaign_id]) VALUES (376, 65);
INSERT INTO [rounds] ([id], [campaign_id]) VALUES (377, 10);
INSERT INTO [rounds] ([id], [campaign_id]) VALUES (378, 52);
INSERT INTO [rounds] ([id], [campaign_id]) VALUES (379, 77);
INSERT INTO [rounds] ([id], [campaign_id]) VALUES (380, 12);
INSERT INTO [rounds] ([id], [campaign_id]) VALUES (381, 63);
INSERT INTO [rounds] ([id], [campaign_id]) VALUES (382, 25);
INSERT INTO [rounds] ([id], [campaign_id]) VALUES (383, 28);
INSERT INTO [rounds] ([id], [campaign_id]) VALUES (384, 9);
INSERT INTO [rounds] ([id], [campaign_id]) VALUES (385, 36);
INSERT INTO [rounds] ([id], [campaign_id]) VALUES (386, 50);
INSERT INTO [rounds] ([id], [campaign_id]) VALUES (387, 3);
INSERT INTO [rounds] ([id], [campaign_id]) VALUES (388, 74);
INSERT INTO [rounds] ([id], [campaign_id]) VALUES (389, 15);
INSERT INTO [rounds] ([id], [campaign_id]) VALUES (390, 25);
INSERT INTO [rounds] ([id], [campaign_id]) VALUES (391, 2);
INSERT INTO [rounds] ([id], [campaign_id]) VALUES (392, 67);
INSERT INTO [rounds] ([id], [campaign_id]) VALUES (393, 2);
INSERT INTO [rounds] ([id], [campaign_id]) VALUES (394, 26);
INSERT INTO [rounds] ([id], [campaign_id]) VALUES (395, 29);
INSERT INTO [rounds] ([id], [campaign_id]) VALUES (396, 34);
INSERT INTO [rounds] ([id], [campaign_id]) VALUES (397, 55);
INSERT INTO [rounds] ([id], [campaign_id]) VALUES (398, 63);
INSERT INTO [rounds] ([id], [campaign_id]) VALUES (399, 1);
INSERT INTO [rounds] ([id], [campaign_id]) VALUES (400, 80);
INSERT INTO [rounds] ([id], [campaign_id]) VALUES (401, 49);
INSERT INTO [rounds] ([id], [campaign_id]) VALUES (402, 21);
INSERT INTO [rounds] ([id], [campaign_id]) VALUES (403, 13);
INSERT INTO [rounds] ([id], [campaign_id]) VALUES (404, 47);
INSERT INTO [rounds] ([id], [campaign_id]) VALUES (405, 73);
INSERT INTO [rounds] ([id], [campaign_id]) VALUES (406, 74);
INSERT INTO [rounds] ([id], [campaign_id]) VALUES (407, 38);
INSERT INTO [rounds] ([id], [campaign_id]) VALUES (408, 56);
INSERT INTO [rounds] ([id], [campaign_id]) VALUES (409, 9);
INSERT INTO [rounds] ([id], [campaign_id]) VALUES (410, 54);
INSERT INTO [rounds] ([id], [campaign_id]) VALUES (411, 16);
INSERT INTO [rounds] ([id], [campaign_id]) VALUES (412, 4);
INSERT INTO [rounds] ([id], [campaign_id]) VALUES (413, 26);
INSERT INTO [rounds] ([id], [campaign_id]) VALUES (414, 40);
INSERT INTO [rounds] ([id], [campaign_id]) VALUES (415, 54);
INSERT INTO [rounds] ([id], [campaign_id]) VALUES (416, 50);
INSERT INTO [rounds] ([id], [campaign_id]) VALUES (417, 32);
INSERT INTO [rounds] ([id], [campaign_id]) VALUES (418, 59);
INSERT INTO [rounds] ([id], [campaign_id]) VALUES (419, 51);
INSERT INTO [rounds] ([id], [campaign_id]) VALUES (420, 68);
INSERT INTO [rounds] ([id], [campaign_id]) VALUES (421, 2);
INSERT INTO [rounds] ([id], [campaign_id]) VALUES (422, 16);
INSERT INTO [rounds] ([id], [campaign_id]) VALUES (423, 69);
INSERT INTO [rounds] ([id], [campaign_id]) VALUES (424, 54);
INSERT INTO [rounds] ([id], [campaign_id]) VALUES (425, 14);
INSERT INTO [rounds] ([id], [campaign_id]) VALUES (426, 31);
INSERT INTO [rounds] ([id], [campaign_id]) VALUES (427, 62);
INSERT INTO [rounds] ([id], [campaign_id]) VALUES (428, 24);
INSERT INTO [rounds] ([id], [campaign_id]) VALUES (429, 75);
INSERT INTO [rounds] ([id], [campaign_id]) VALUES (430, 49);
INSERT INTO [rounds] ([id], [campaign_id]) VALUES (431, 65);
INSERT INTO [rounds] ([id], [campaign_id]) VALUES (432, 56);
INSERT INTO [rounds] ([id], [campaign_id]) VALUES (433, 6);
INSERT INTO [rounds] ([id], [campaign_id]) VALUES (434, 22);
INSERT INTO [rounds] ([id], [campaign_id]) VALUES (435, 13);
INSERT INTO [rounds] ([id], [campaign_id]) VALUES (436, 70);
INSERT INTO [rounds] ([id], [campaign_id]) VALUES (437, 43);
INSERT INTO [rounds] ([id], [campaign_id]) VALUES (438, 35);
INSERT INTO [rounds] ([id], [campaign_id]) VALUES (439, 57);
INSERT INTO [rounds] ([id], [campaign_id]) VALUES (440, 4);
INSERT INTO [rounds] ([id], [campaign_id]) VALUES (441, 28);
INSERT INTO [rounds] ([id], [campaign_id]) VALUES (442, 58);
INSERT INTO [rounds] ([id], [campaign_id]) VALUES (443, 1);
INSERT INTO [rounds] ([id], [campaign_id]) VALUES (444, 11);
INSERT INTO [rounds] ([id], [campaign_id]) VALUES (445, 48);
INSERT INTO [rounds] ([id], [campaign_id]) VALUES (446, 52);
INSERT INTO [rounds] ([id], [campaign_id]) VALUES (447, 59);
INSERT INTO [rounds] ([id], [campaign_id]) VALUES (448, 55);
INSERT INTO [rounds] ([id], [campaign_id]) VALUES (449, 61);
INSERT INTO [rounds] ([id], [campaign_id]) VALUES (450, 66);
INSERT INTO [rounds] ([id], [campaign_id]) VALUES (451, 2);
INSERT INTO [rounds] ([id], [campaign_id]) VALUES (452, 35);
INSERT INTO [rounds] ([id], [campaign_id]) VALUES (453, 63);
INSERT INTO [rounds] ([id], [campaign_id]) VALUES (454, 1);
INSERT INTO [rounds] ([id], [campaign_id]) VALUES (455, 23);
INSERT INTO [rounds] ([id], [campaign_id]) VALUES (456, 1);
INSERT INTO [rounds] ([id], [campaign_id]) VALUES (457, 32);
INSERT INTO [rounds] ([id], [campaign_id]) VALUES (458, 80);
INSERT INTO [rounds] ([id], [campaign_id]) VALUES (459, 60);
INSERT INTO [rounds] ([id], [campaign_id]) VALUES (460, 19);
INSERT INTO [rounds] ([id], [campaign_id]) VALUES (461, 13);
INSERT INTO [rounds] ([id], [campaign_id]) VALUES (462, 6);
INSERT INTO [rounds] ([id], [campaign_id]) VALUES (463, 77);
INSERT INTO [rounds] ([id], [campaign_id]) VALUES (464, 1);
INSERT INTO [rounds] ([id], [campaign_id]) VALUES (465, 11);
INSERT INTO [rounds] ([id], [campaign_id]) VALUES (466, 41);
INSERT INTO [rounds] ([id], [campaign_id]) VALUES (467, 68);
INSERT INTO [rounds] ([id], [campaign_id]) VALUES (468, 57);
INSERT INTO [rounds] ([id], [campaign_id]) VALUES (469, 16);
INSERT INTO [rounds] ([id], [campaign_id]) VALUES (470, 45);
INSERT INTO [rounds] ([id], [campaign_id]) VALUES (471, 33);
INSERT INTO [rounds] ([id], [campaign_id]) VALUES (472, 40);
INSERT INTO [rounds] ([id], [campaign_id]) VALUES (473, 60);
INSERT INTO [rounds] ([id], [campaign_id]) VALUES (474, 66);
INSERT INTO [rounds] ([id], [campaign_id]) VALUES (475, 67);
INSERT INTO [rounds] ([id], [campaign_id]) VALUES (476, 62);
INSERT INTO [rounds] ([id], [campaign_id]) VALUES (477, 70);
INSERT INTO [rounds] ([id], [campaign_id]) VALUES (478, 2);
INSERT INTO [rounds] ([id], [campaign_id]) VALUES (479, 48);
INSERT INTO [rounds] ([id], [campaign_id]) VALUES (480, 1);
INSERT INTO [rounds] ([id], [campaign_id]) VALUES (481, 63);
INSERT INTO [rounds] ([id], [campaign_id]) VALUES (482, 6);
INSERT INTO [rounds] ([id], [campaign_id]) VALUES (483, 65);
INSERT INTO [rounds] ([id], [campaign_id]) VALUES (484, 32);
INSERT INTO [rounds] ([id], [campaign_id]) VALUES (485, 65);
INSERT INTO [rounds] ([id], [campaign_id]) VALUES (486, 56);
INSERT INTO [rounds] ([id], [campaign_id]) VALUES (487, 46);
INSERT INTO [rounds] ([id], [campaign_id]) VALUES (488, 16);
INSERT INTO [rounds] ([id], [campaign_id]) VALUES (489, 61);
INSERT INTO [rounds] ([id], [campaign_id]) VALUES (490, 70);
INSERT INTO [rounds] ([id], [campaign_id]) VALUES (491, 78);
INSERT INTO [rounds] ([id], [campaign_id]) VALUES (492, 12);
INSERT INTO [rounds] ([id], [campaign_id]) VALUES (493, 13);
INSERT INTO [rounds] ([id], [campaign_id]) VALUES (494, 30);
INSERT INTO [rounds] ([id], [campaign_id]) VALUES (495, 38);
INSERT INTO [rounds] ([id], [campaign_id]) VALUES (496, 68);
INSERT INTO [rounds] ([id], [campaign_id]) VALUES (497, 38);
INSERT INTO [rounds] ([id], [campaign_id]) VALUES (498, 59);
INSERT INTO [rounds] ([id], [campaign_id]) VALUES (499, 52);
INSERT INTO [rounds] ([id], [campaign_id]) VALUES (500, 73);
INSERT INTO [rounds] ([id], [campaign_id]) VALUES (501, 6);
INSERT INTO [rounds] ([id], [campaign_id]) VALUES (502, 73);
INSERT INTO [rounds] ([id], [campaign_id]) VALUES (503, 36);
INSERT INTO [rounds] ([id], [campaign_id]) VALUES (504, 80);
INSERT INTO [rounds] ([id], [campaign_id]) VALUES (505, 75);
INSERT INTO [rounds] ([id], [campaign_id]) VALUES (506, 1);
INSERT INTO [rounds] ([id], [campaign_id]) VALUES (507, 30);
INSERT INTO [rounds] ([id], [campaign_id]) VALUES (508, 5);
INSERT INTO [rounds] ([id], [campaign_id]) VALUES (509, 26);
INSERT INTO [rounds] ([id], [campaign_id]) VALUES (510, 62);
INSERT INTO [rounds] ([id], [campaign_id]) VALUES (511, 50);
INSERT INTO [rounds] ([id], [campaign_id]) VALUES (512, 42);
INSERT INTO [rounds] ([id], [campaign_id]) VALUES (513, 21);
INSERT INTO [rounds] ([id], [campaign_id]) VALUES (514, 30);
INSERT INTO [rounds] ([id], [campaign_id]) VALUES (515, 1);
INSERT INTO [rounds] ([id], [campaign_id]) VALUES (516, 11);
INSERT INTO [rounds] ([id], [campaign_id]) VALUES (517, 16);
INSERT INTO [rounds] ([id], [campaign_id]) VALUES (518, 59);
INSERT INTO [rounds] ([id], [campaign_id]) VALUES (519, 66);
INSERT INTO [rounds] ([id], [campaign_id]) VALUES (520, 22);
INSERT INTO [rounds] ([id], [campaign_id]) VALUES (521, 64);
INSERT INTO [rounds] ([id], [campaign_id]) VALUES (522, 50);
INSERT INTO [rounds] ([id], [campaign_id]) VALUES (523, 13);
INSERT INTO [rounds] ([id], [campaign_id]) VALUES (524, 19);
INSERT INTO [rounds] ([id], [campaign_id]) VALUES (525, 34);
INSERT INTO [rounds] ([id], [campaign_id]) VALUES (526, 68);
INSERT INTO [rounds] ([id], [campaign_id]) VALUES (527, 13);
INSERT INTO [rounds] ([id], [campaign_id]) VALUES (528, 47);
INSERT INTO [rounds] ([id], [campaign_id]) VALUES (529, 12);
INSERT INTO [rounds] ([id], [campaign_id]) VALUES (530, 69);
INSERT INTO [rounds] ([id], [campaign_id]) VALUES (531, 36);
INSERT INTO [rounds] ([id], [campaign_id]) VALUES (532, 38);
INSERT INTO [rounds] ([id], [campaign_id]) VALUES (533, 25);
INSERT INTO [rounds] ([id], [campaign_id]) VALUES (534, 67);
INSERT INTO [rounds] ([id], [campaign_id]) VALUES (535, 40);
INSERT INTO [rounds] ([id], [campaign_id]) VALUES (536, 67);
INSERT INTO [rounds] ([id], [campaign_id]) VALUES (537, 48);
INSERT INTO [rounds] ([id], [campaign_id]) VALUES (538, 57);
INSERT INTO [rounds] ([id], [campaign_id]) VALUES (539, 24);
INSERT INTO [rounds] ([id], [campaign_id]) VALUES (540, 15);
INSERT INTO [rounds] ([id], [campaign_id]) VALUES (541, 1);
INSERT INTO [rounds] ([id], [campaign_id]) VALUES (542, 13);
INSERT INTO [rounds] ([id], [campaign_id]) VALUES (543, 6);
INSERT INTO [rounds] ([id], [campaign_id]) VALUES (544, 17);
INSERT INTO [rounds] ([id], [campaign_id]) VALUES (545, 44);
INSERT INTO [rounds] ([id], [campaign_id]) VALUES (546, 72);
INSERT INTO [rounds] ([id], [campaign_id]) VALUES (547, 7);
INSERT INTO [rounds] ([id], [campaign_id]) VALUES (548, 66);
INSERT INTO [rounds] ([id], [campaign_id]) VALUES (549, 23);
INSERT INTO [rounds] ([id], [campaign_id]) VALUES (550, 42);
INSERT INTO [rounds] ([id], [campaign_id]) VALUES (551, 7);
INSERT INTO [rounds] ([id], [campaign_id]) VALUES (552, 67);
INSERT INTO [rounds] ([id], [campaign_id]) VALUES (553, 59);
INSERT INTO [rounds] ([id], [campaign_id]) VALUES (554, 37);
INSERT INTO [rounds] ([id], [campaign_id]) VALUES (555, 34);
INSERT INTO [rounds] ([id], [campaign_id]) VALUES (556, 57);
INSERT INTO [rounds] ([id], [campaign_id]) VALUES (557, 34);
INSERT INTO [rounds] ([id], [campaign_id]) VALUES (558, 77);
INSERT INTO [rounds] ([id], [campaign_id]) VALUES (559, 74);
INSERT INTO [rounds] ([id], [campaign_id]) VALUES (560, 69);
INSERT INTO [rounds] ([id], [campaign_id]) VALUES (561, 21);
INSERT INTO [rounds] ([id], [campaign_id]) VALUES (562, 71);
INSERT INTO [rounds] ([id], [campaign_id]) VALUES (563, 39);
INSERT INTO [rounds] ([id], [campaign_id]) VALUES (564, 47);
INSERT INTO [rounds] ([id], [campaign_id]) VALUES (565, 36);
INSERT INTO [rounds] ([id], [campaign_id]) VALUES (566, 46);
INSERT INTO [rounds] ([id], [campaign_id]) VALUES (567, 71);
INSERT INTO [rounds] ([id], [campaign_id]) VALUES (568, 37);
INSERT INTO [rounds] ([id], [campaign_id]) VALUES (569, 5);
INSERT INTO [rounds] ([id], [campaign_id]) VALUES (570, 79);
INSERT INTO [rounds] ([id], [campaign_id]) VALUES (571, 9);
INSERT INTO [rounds] ([id], [campaign_id]) VALUES (572, 70);
INSERT INTO [rounds] ([id], [campaign_id]) VALUES (573, 58);
INSERT INTO [rounds] ([id], [campaign_id]) VALUES (574, 71);
INSERT INTO [rounds] ([id], [campaign_id]) VALUES (575, 54);
INSERT INTO [rounds] ([id], [campaign_id]) VALUES (576, 49);
INSERT INTO [rounds] ([id], [campaign_id]) VALUES (577, 64);
INSERT INTO [rounds] ([id], [campaign_id]) VALUES (578, 49);
INSERT INTO [rounds] ([id], [campaign_id]) VALUES (579, 17);
INSERT INTO [rounds] ([id], [campaign_id]) VALUES (580, 46);
INSERT INTO [rounds] ([id], [campaign_id]) VALUES (581, 31);
INSERT INTO [rounds] ([id], [campaign_id]) VALUES (582, 31);
INSERT INTO [rounds] ([id], [campaign_id]) VALUES (583, 20);
INSERT INTO [rounds] ([id], [campaign_id]) VALUES (584, 51);
INSERT INTO [rounds] ([id], [campaign_id]) VALUES (585, 65);
INSERT INTO [rounds] ([id], [campaign_id]) VALUES (586, 42);
INSERT INTO [rounds] ([id], [campaign_id]) VALUES (587, 80);
INSERT INTO [rounds] ([id], [campaign_id]) VALUES (588, 53);
INSERT INTO [rounds] ([id], [campaign_id]) VALUES (589, 60);
INSERT INTO [rounds] ([id], [campaign_id]) VALUES (590, 1);
INSERT INTO [rounds] ([id], [campaign_id]) VALUES (591, 68);
INSERT INTO [rounds] ([id], [campaign_id]) VALUES (592, 4);
INSERT INTO [rounds] ([id], [campaign_id]) VALUES (593, 19);
INSERT INTO [rounds] ([id], [campaign_id]) VALUES (594, 63);
INSERT INTO [rounds] ([id], [campaign_id]) VALUES (595, 77);
INSERT INTO [rounds] ([id], [campaign_id]) VALUES (596, 51);
INSERT INTO [rounds] ([id], [campaign_id]) VALUES (597, 18);
INSERT INTO [rounds] ([id], [campaign_id]) VALUES (598, 43);
INSERT INTO [rounds] ([id], [campaign_id]) VALUES (599, 68);
INSERT INTO [rounds] ([id], [campaign_id]) VALUES (600, 28);
INSERT INTO [rounds] ([id], [campaign_id]) VALUES (601, 52);
INSERT INTO [rounds] ([id], [campaign_id]) VALUES (602, 69);
INSERT INTO [rounds] ([id], [campaign_id]) VALUES (603, 43);
INSERT INTO [rounds] ([id], [campaign_id]) VALUES (604, 63);
INSERT INTO [rounds] ([id], [campaign_id]) VALUES (605, 76);
INSERT INTO [rounds] ([id], [campaign_id]) VALUES (606, 46);
INSERT INTO [rounds] ([id], [campaign_id]) VALUES (607, 62);
INSERT INTO [rounds] ([id], [campaign_id]) VALUES (608, 49);
INSERT INTO [rounds] ([id], [campaign_id]) VALUES (609, 74);
INSERT INTO [rounds] ([id], [campaign_id]) VALUES (610, 32);
INSERT INTO [rounds] ([id], [campaign_id]) VALUES (611, 73);
INSERT INTO [rounds] ([id], [campaign_id]) VALUES (612, 25);
INSERT INTO [rounds] ([id], [campaign_id]) VALUES (613, 17);
INSERT INTO [rounds] ([id], [campaign_id]) VALUES (614, 67);
INSERT INTO [rounds] ([id], [campaign_id]) VALUES (615, 3);
INSERT INTO [rounds] ([id], [campaign_id]) VALUES (616, 60);
INSERT INTO [rounds] ([id], [campaign_id]) VALUES (617, 73);
INSERT INTO [rounds] ([id], [campaign_id]) VALUES (618, 78);
INSERT INTO [rounds] ([id], [campaign_id]) VALUES (619, 37);
INSERT INTO [rounds] ([id], [campaign_id]) VALUES (620, 52);
INSERT INTO [rounds] ([id], [campaign_id]) VALUES (621, 58);
INSERT INTO [rounds] ([id], [campaign_id]) VALUES (622, 70);
INSERT INTO [rounds] ([id], [campaign_id]) VALUES (623, 51);
INSERT INTO [rounds] ([id], [campaign_id]) VALUES (624, 15);
INSERT INTO [rounds] ([id], [campaign_id]) VALUES (625, 4);
INSERT INTO [rounds] ([id], [campaign_id]) VALUES (626, 19);
INSERT INTO [rounds] ([id], [campaign_id]) VALUES (627, 48);
INSERT INTO [rounds] ([id], [campaign_id]) VALUES (628, 10);
INSERT INTO [rounds] ([id], [campaign_id]) VALUES (629, 74);
INSERT INTO [rounds] ([id], [campaign_id]) VALUES (630, 78);
INSERT INTO [rounds] ([id], [campaign_id]) VALUES (631, 75);
INSERT INTO [rounds] ([id], [campaign_id]) VALUES (632, 16);
INSERT INTO [rounds] ([id], [campaign_id]) VALUES (633, 68);
INSERT INTO [rounds] ([id], [campaign_id]) VALUES (634, 74);
INSERT INTO [rounds] ([id], [campaign_id]) VALUES (635, 9);
INSERT INTO [rounds] ([id], [campaign_id]) VALUES (636, 48);
INSERT INTO [rounds] ([id], [campaign_id]) VALUES (637, 47);
INSERT INTO [rounds] ([id], [campaign_id]) VALUES (638, 52);
INSERT INTO [rounds] ([id], [campaign_id]) VALUES (639, 71);
INSERT INTO [rounds] ([id], [campaign_id]) VALUES (640, 76);
INSERT INTO [rounds] ([id], [campaign_id]) VALUES (641, 31);
INSERT INTO [rounds] ([id], [campaign_id]) VALUES (642, 56);
INSERT INTO [rounds] ([id], [campaign_id]) VALUES (643, 23);
INSERT INTO [rounds] ([id], [campaign_id]) VALUES (644, 23);
INSERT INTO [rounds] ([id], [campaign_id]) VALUES (645, 19);
INSERT INTO [rounds] ([id], [campaign_id]) VALUES (646, 51);
INSERT INTO [rounds] ([id], [campaign_id]) VALUES (647, 67);
INSERT INTO [rounds] ([id], [campaign_id]) VALUES (648, 77);
INSERT INTO [rounds] ([id], [campaign_id]) VALUES (649, 74);
INSERT INTO [rounds] ([id], [campaign_id]) VALUES (650, 19);
INSERT INTO [rounds] ([id], [campaign_id]) VALUES (651, 48);
INSERT INTO [rounds] ([id], [campaign_id]) VALUES (652, 24);
INSERT INTO [rounds] ([id], [campaign_id]) VALUES (653, 20);
INSERT INTO [rounds] ([id], [campaign_id]) VALUES (654, 58);
INSERT INTO [rounds] ([id], [campaign_id]) VALUES (655, 68);
INSERT INTO [rounds] ([id], [campaign_id]) VALUES (656, 2);
INSERT INTO [rounds] ([id], [campaign_id]) VALUES (657, 31);
INSERT INTO [rounds] ([id], [campaign_id]) VALUES (658, 29);
INSERT INTO [rounds] ([id], [campaign_id]) VALUES (659, 71);
INSERT INTO [rounds] ([id], [campaign_id]) VALUES (660, 49);
INSERT INTO [rounds] ([id], [campaign_id]) VALUES (661, 8);
INSERT INTO [rounds] ([id], [campaign_id]) VALUES (662, 77);
INSERT INTO [rounds] ([id], [campaign_id]) VALUES (663, 62);
INSERT INTO [rounds] ([id], [campaign_id]) VALUES (664, 44);
INSERT INTO [rounds] ([id], [campaign_id]) VALUES (665, 29);
INSERT INTO [rounds] ([id], [campaign_id]) VALUES (666, 25);
INSERT INTO [rounds] ([id], [campaign_id]) VALUES (667, 40);
INSERT INTO [rounds] ([id], [campaign_id]) VALUES (668, 1);
INSERT INTO [rounds] ([id], [campaign_id]) VALUES (669, 49);
INSERT INTO [rounds] ([id], [campaign_id]) VALUES (670, 56);
INSERT INTO [rounds] ([id], [campaign_id]) VALUES (671, 29);
INSERT INTO [rounds] ([id], [campaign_id]) VALUES (672, 50);
INSERT INTO [rounds] ([id], [campaign_id]) VALUES (673, 11);
INSERT INTO [rounds] ([id], [campaign_id]) VALUES (674, 8);
INSERT INTO [rounds] ([id], [campaign_id]) VALUES (675, 58);
INSERT INTO [rounds] ([id], [campaign_id]) VALUES (676, 40);
INSERT INTO [rounds] ([id], [campaign_id]) VALUES (677, 29);
INSERT INTO [rounds] ([id], [campaign_id]) VALUES (678, 61);
INSERT INTO [rounds] ([id], [campaign_id]) VALUES (679, 71);
INSERT INTO [rounds] ([id], [campaign_id]) VALUES (680, 21);
INSERT INTO [rounds] ([id], [campaign_id]) VALUES (681, 20);
INSERT INTO [rounds] ([id], [campaign_id]) VALUES (682, 4);
INSERT INTO [rounds] ([id], [campaign_id]) VALUES (683, 61);
INSERT INTO [rounds] ([id], [campaign_id]) VALUES (684, 23);
INSERT INTO [rounds] ([id], [campaign_id]) VALUES (685, 68);
INSERT INTO [rounds] ([id], [campaign_id]) VALUES (686, 12);
INSERT INTO [rounds] ([id], [campaign_id]) VALUES (687, 51);
INSERT INTO [rounds] ([id], [campaign_id]) VALUES (688, 38);
INSERT INTO [rounds] ([id], [campaign_id]) VALUES (689, 75);
INSERT INTO [rounds] ([id], [campaign_id]) VALUES (690, 77);
INSERT INTO [rounds] ([id], [campaign_id]) VALUES (691, 41);
INSERT INTO [rounds] ([id], [campaign_id]) VALUES (692, 33);
INSERT INTO [rounds] ([id], [campaign_id]) VALUES (693, 43);
INSERT INTO [rounds] ([id], [campaign_id]) VALUES (694, 7);
INSERT INTO [rounds] ([id], [campaign_id]) VALUES (695, 26);
INSERT INTO [rounds] ([id], [campaign_id]) VALUES (696, 73);
INSERT INTO [rounds] ([id], [campaign_id]) VALUES (697, 34);
INSERT INTO [rounds] ([id], [campaign_id]) VALUES (698, 74);
INSERT INTO [rounds] ([id], [campaign_id]) VALUES (699, 41);
INSERT INTO [rounds] ([id], [campaign_id]) VALUES (700, 31);
INSERT INTO [rounds] ([id], [campaign_id]) VALUES (701, 78);
INSERT INTO [rounds] ([id], [campaign_id]) VALUES (702, 7);
INSERT INTO [rounds] ([id], [campaign_id]) VALUES (703, 79);
INSERT INTO [rounds] ([id], [campaign_id]) VALUES (704, 47);
INSERT INTO [rounds] ([id], [campaign_id]) VALUES (705, 3);
INSERT INTO [rounds] ([id], [campaign_id]) VALUES (706, 33);
INSERT INTO [rounds] ([id], [campaign_id]) VALUES (707, 33);
INSERT INTO [rounds] ([id], [campaign_id]) VALUES (708, 10);
INSERT INTO [rounds] ([id], [campaign_id]) VALUES (709, 63);
INSERT INTO [rounds] ([id], [campaign_id]) VALUES (710, 1);
INSERT INTO [segments] ([id], [round_id]) VALUES (1, 498);
INSERT INTO [segments] ([id], [round_id]) VALUES (2, 222);
INSERT INTO [segments] ([id], [round_id]) VALUES (3, 462);
INSERT INTO [segments] ([id], [round_id]) VALUES (4, 253);
INSERT INTO [segments] ([id], [round_id]) VALUES (5, 556);
INSERT INTO [segments] ([id], [round_id]) VALUES (6, 424);
INSERT INTO [segments] ([id], [round_id]) VALUES (7, 458);
INSERT INTO [segments] ([id], [round_id]) VALUES (8, 383);
INSERT INTO [segments] ([id], [round_id]) VALUES (9, 516);
INSERT INTO [segments] ([id], [round_id]) VALUES (10, 589);
INSERT INTO [segments] ([id], [round_id]) VALUES (11, 90);
INSERT INTO [segments] ([id], [round_id]) VALUES (12, 113);
INSERT INTO [segments] ([id], [round_id]) VALUES (13, 173);
INSERT INTO [segments] ([id], [round_id]) VALUES (14, 91);
INSERT INTO [segments] ([id], [round_id]) VALUES (15, 530);
INSERT INTO [segments] ([id], [round_id]) VALUES (16, 644);
INSERT INTO [segments] ([id], [round_id]) VALUES (17, 32);
INSERT INTO [segments] ([id], [round_id]) VALUES (18, 492);
INSERT INTO [segments] ([id], [round_id]) VALUES (19, 633);
INSERT INTO [segments] ([id], [round_id]) VALUES (20, 655);
INSERT INTO [segments] ([id], [round_id]) VALUES (21, 572);
INSERT INTO [segments] ([id], [round_id]) VALUES (22, 34);
INSERT INTO [segments] ([id], [round_id]) VALUES (23, 655);
INSERT INTO [segments] ([id], [round_id]) VALUES (24, 249);
INSERT INTO [segments] ([id], [round_id]) VALUES (25, 356);
INSERT INTO [segments] ([id], [round_id]) VALUES (26, 283);
INSERT INTO [segments] ([id], [round_id]) VALUES (27, 612);
INSERT INTO [segments] ([id], [round_id]) VALUES (28, 277);
INSERT INTO [segments] ([id], [round_id]) VALUES (29, 128);
INSERT INTO [segments] ([id], [round_id]) VALUES (30, 231);
INSERT INTO [segments] ([id], [round_id]) VALUES (31, 482);
INSERT INTO [segments] ([id], [round_id]) VALUES (32, 207);
INSERT INTO [segments] ([id], [round_id]) VALUES (33, 377);
INSERT INTO [segments] ([id], [round_id]) VALUES (34, 173);
INSERT INTO [segments] ([id], [round_id]) VALUES (35, 7);
INSERT INTO [segments] ([id], [round_id]) VALUES (36, 591);
INSERT INTO [segments] ([id], [round_id]) VALUES (37, 485);
INSERT INTO [segments] ([id], [round_id]) VALUES (38, 443);
INSERT INTO [segments] ([id], [round_id]) VALUES (39, 553);
INSERT INTO [segments] ([id], [round_id]) VALUES (40, 629);
INSERT INTO [segments] ([id], [round_id]) VALUES (41, 641);
INSERT INTO [segments] ([id], [round_id]) VALUES (42, 251);
INSERT INTO [segments] ([id], [round_id]) VALUES (43, 153);
INSERT INTO [segments] ([id], [round_id]) VALUES (44, 187);
INSERT INTO [segments] ([id], [round_id]) VALUES (45, 675);
INSERT INTO [segments] ([id], [round_id]) VALUES (46, 1);
INSERT INTO [segments] ([id], [round_id]) VALUES (47, 338);
INSERT INTO [segments] ([id], [round_id]) VALUES (48, 110);
INSERT INTO [segments] ([id], [round_id]) VALUES (49, 231);
INSERT INTO [segments] ([id], [round_id]) VALUES (50, 164);
INSERT INTO [segments] ([id], [round_id]) VALUES (51, 469);
INSERT INTO [segments] ([id], [round_id]) VALUES (52, 453);
INSERT INTO [segments] ([id], [round_id]) VALUES (53, 131);
INSERT INTO [segments] ([id], [round_id]) VALUES (54, 585);
INSERT INTO [segments] ([id], [round_id]) VALUES (55, 663);
INSERT INTO [segments] ([id], [round_id]) VALUES (56, 647);
INSERT INTO [segments] ([id], [round_id]) VALUES (57, 529);
INSERT INTO [segments] ([id], [round_id]) VALUES (58, 272);
INSERT INTO [segments] ([id], [round_id]) VALUES (59, 318);
INSERT INTO [segments] ([id], [round_id]) VALUES (60, 525);
INSERT INTO [segments] ([id], [round_id]) VALUES (61, 52);
INSERT INTO [segments] ([id], [round_id]) VALUES (62, 271);
INSERT INTO [segments] ([id], [round_id]) VALUES (63, 189);
INSERT INTO [segments] ([id], [round_id]) VALUES (64, 75);
INSERT INTO [segments] ([id], [round_id]) VALUES (65, 237);
INSERT INTO [segments] ([id], [round_id]) VALUES (66, 565);
INSERT INTO [segments] ([id], [round_id]) VALUES (67, 66);
INSERT INTO [segments] ([id], [round_id]) VALUES (68, 209);
INSERT INTO [segments] ([id], [round_id]) VALUES (69, 595);
INSERT INTO [segments] ([id], [round_id]) VALUES (70, 510);
INSERT INTO [segments] ([id], [round_id]) VALUES (71, 52);
INSERT INTO [segments] ([id], [round_id]) VALUES (72, 9);
INSERT INTO [segments] ([id], [round_id]) VALUES (73, 458);
INSERT INTO [segments] ([id], [round_id]) VALUES (74, 173);
INSERT INTO [segments] ([id], [round_id]) VALUES (75, 66);
INSERT INTO [segments] ([id], [round_id]) VALUES (76, 3);
INSERT INTO [segments] ([id], [round_id]) VALUES (77, 51);
INSERT INTO [segments] ([id], [round_id]) VALUES (78, 524);
INSERT INTO [segments] ([id], [round_id]) VALUES (79, 233);
INSERT INTO [segments] ([id], [round_id]) VALUES (80, 233);
INSERT INTO [segments] ([id], [round_id]) VALUES (81, 324);
INSERT INTO [segments] ([id], [round_id]) VALUES (82, 126);
INSERT INTO [segments] ([id], [round_id]) VALUES (83, 115);
INSERT INTO [segments] ([id], [round_id]) VALUES (84, 637);
INSERT INTO [segments] ([id], [round_id]) VALUES (85, 31);
INSERT INTO [segments] ([id], [round_id]) VALUES (86, 221);
INSERT INTO [segments] ([id], [round_id]) VALUES (87, 351);
INSERT INTO [segments] ([id], [round_id]) VALUES (88, 634);
INSERT INTO [segments] ([id], [round_id]) VALUES (89, 598);
INSERT INTO [segments] ([id], [round_id]) VALUES (90, 558);
INSERT INTO [segments] ([id], [round_id]) VALUES (91, 69);
INSERT INTO [segments] ([id], [round_id]) VALUES (92, 212);
INSERT INTO [segments] ([id], [round_id]) VALUES (93, 337);
INSERT INTO [segments] ([id], [round_id]) VALUES (94, 541);
INSERT INTO [segments] ([id], [round_id]) VALUES (95, 82);
INSERT INTO [segments] ([id], [round_id]) VALUES (96, 88);
INSERT INTO [segments] ([id], [round_id]) VALUES (97, 238);
INSERT INTO [segments] ([id], [round_id]) VALUES (98, 386);
INSERT INTO [segments] ([id], [round_id]) VALUES (99, 634);
INSERT INTO [segments] ([id], [round_id]) VALUES (100, 548);
INSERT INTO [segments] ([id], [round_id]) VALUES (101, 343);
INSERT INTO [segments] ([id], [round_id]) VALUES (102, 361);
INSERT INTO [segments] ([id], [round_id]) VALUES (103, 87);
INSERT INTO [segments] ([id], [round_id]) VALUES (104, 296);
INSERT INTO [segments] ([id], [round_id]) VALUES (105, 345);
INSERT INTO [segments] ([id], [round_id]) VALUES (106, 129);
INSERT INTO [segments] ([id], [round_id]) VALUES (107, 166);
INSERT INTO [segments] ([id], [round_id]) VALUES (108, 486);
INSERT INTO [segments] ([id], [round_id]) VALUES (109, 115);
INSERT INTO [segments] ([id], [round_id]) VALUES (110, 7);
INSERT INTO [segments] ([id], [round_id]) VALUES (111, 181);
INSERT INTO [segments] ([id], [round_id]) VALUES (112, 490);
INSERT INTO [segments] ([id], [round_id]) VALUES (113, 403);
INSERT INTO [segments] ([id], [round_id]) VALUES (114, 110);
INSERT INTO [segments] ([id], [round_id]) VALUES (115, 262);
INSERT INTO [segments] ([id], [round_id]) VALUES (116, 492);
INSERT INTO [segments] ([id], [round_id]) VALUES (117, 708);
INSERT INTO [segments] ([id], [round_id]) VALUES (118, 570);
INSERT INTO [segments] ([id], [round_id]) VALUES (119, 648);
INSERT INTO [segments] ([id], [round_id]) VALUES (120, 17);
INSERT INTO [segments] ([id], [round_id]) VALUES (121, 342);
INSERT INTO [segments] ([id], [round_id]) VALUES (122, 652);
INSERT INTO [segments] ([id], [round_id]) VALUES (123, 399);
INSERT INTO [segments] ([id], [round_id]) VALUES (124, 49);
INSERT INTO [segments] ([id], [round_id]) VALUES (125, 615);
INSERT INTO [segments] ([id], [round_id]) VALUES (126, 342);
INSERT INTO [segments] ([id], [round_id]) VALUES (127, 436);
INSERT INTO [segments] ([id], [round_id]) VALUES (128, 540);
INSERT INTO [segments] ([id], [round_id]) VALUES (129, 20);
INSERT INTO [segments] ([id], [round_id]) VALUES (130, 17);
INSERT INTO [segments] ([id], [round_id]) VALUES (131, 315);
INSERT INTO [segments] ([id], [round_id]) VALUES (132, 33);
INSERT INTO [segments] ([id], [round_id]) VALUES (133, 493);
INSERT INTO [segments] ([id], [round_id]) VALUES (134, 638);
INSERT INTO [segments] ([id], [round_id]) VALUES (135, 217);
INSERT INTO [segments] ([id], [round_id]) VALUES (136, 254);
INSERT INTO [segments] ([id], [round_id]) VALUES (137, 679);
INSERT INTO [segments] ([id], [round_id]) VALUES (138, 489);
INSERT INTO [segments] ([id], [round_id]) VALUES (139, 559);
INSERT INTO [segments] ([id], [round_id]) VALUES (140, 626);
INSERT INTO [segments] ([id], [round_id]) VALUES (141, 86);
INSERT INTO [segments] ([id], [round_id]) VALUES (142, 453);
INSERT INTO [segments] ([id], [round_id]) VALUES (143, 79);
INSERT INTO [segments] ([id], [round_id]) VALUES (144, 43);
INSERT INTO [segments] ([id], [round_id]) VALUES (145, 355);
INSERT INTO [segments] ([id], [round_id]) VALUES (146, 506);
INSERT INTO [segments] ([id], [round_id]) VALUES (147, 593);
INSERT INTO [segments] ([id], [round_id]) VALUES (148, 611);
INSERT INTO [segments] ([id], [round_id]) VALUES (149, 665);
INSERT INTO [segments] ([id], [round_id]) VALUES (150, 261);
INSERT INTO [segments] ([id], [round_id]) VALUES (151, 56);
INSERT INTO [segments] ([id], [round_id]) VALUES (152, 467);
INSERT INTO [segments] ([id], [round_id]) VALUES (153, 446);
INSERT INTO [segments] ([id], [round_id]) VALUES (154, 263);
INSERT INTO [segments] ([id], [round_id]) VALUES (155, 141);
INSERT INTO [segments] ([id], [round_id]) VALUES (156, 590);
INSERT INTO [segments] ([id], [round_id]) VALUES (157, 397);
INSERT INTO [segments] ([id], [round_id]) VALUES (158, 674);
INSERT INTO [segments] ([id], [round_id]) VALUES (159, 645);
INSERT INTO [segments] ([id], [round_id]) VALUES (160, 559);
INSERT INTO [segments] ([id], [round_id]) VALUES (161, 386);
INSERT INTO [segments] ([id], [round_id]) VALUES (162, 689);
INSERT INTO [segments] ([id], [round_id]) VALUES (163, 281);
INSERT INTO [segments] ([id], [round_id]) VALUES (164, 34);
INSERT INTO [segments] ([id], [round_id]) VALUES (165, 365);
INSERT INTO [segments] ([id], [round_id]) VALUES (166, 594);
INSERT INTO [segments] ([id], [round_id]) VALUES (167, 113);
INSERT INTO [segments] ([id], [round_id]) VALUES (168, 598);
INSERT INTO [segments] ([id], [round_id]) VALUES (169, 322);
INSERT INTO [segments] ([id], [round_id]) VALUES (170, 73);
INSERT INTO [segments] ([id], [round_id]) VALUES (171, 386);
INSERT INTO [segments] ([id], [round_id]) VALUES (172, 126);
INSERT INTO [segments] ([id], [round_id]) VALUES (173, 371);
INSERT INTO [segments] ([id], [round_id]) VALUES (174, 385);
INSERT INTO [segments] ([id], [round_id]) VALUES (175, 702);
INSERT INTO [segments] ([id], [round_id]) VALUES (176, 557);
INSERT INTO [segments] ([id], [round_id]) VALUES (177, 76);
INSERT INTO [segments] ([id], [round_id]) VALUES (178, 504);
INSERT INTO [segments] ([id], [round_id]) VALUES (179, 402);
INSERT INTO [segments] ([id], [round_id]) VALUES (180, 238);
INSERT INTO [segments] ([id], [round_id]) VALUES (181, 99);
INSERT INTO [segments] ([id], [round_id]) VALUES (182, 249);
INSERT INTO [segments] ([id], [round_id]) VALUES (183, 181);
INSERT INTO [segments] ([id], [round_id]) VALUES (184, 692);
INSERT INTO [segments] ([id], [round_id]) VALUES (185, 604);
INSERT INTO [segments] ([id], [round_id]) VALUES (186, 606);
INSERT INTO [segments] ([id], [round_id]) VALUES (187, 422);
INSERT INTO [segments] ([id], [round_id]) VALUES (188, 188);
INSERT INTO [segments] ([id], [round_id]) VALUES (189, 465);
INSERT INTO [segments] ([id], [round_id]) VALUES (190, 350);
INSERT INTO [segments] ([id], [round_id]) VALUES (191, 302);
INSERT INTO [segments] ([id], [round_id]) VALUES (192, 47);
INSERT INTO [segments] ([id], [round_id]) VALUES (193, 515);
INSERT INTO [segments] ([id], [round_id]) VALUES (194, 118);
INSERT INTO [segments] ([id], [round_id]) VALUES (195, 414);
INSERT INTO [segments] ([id], [round_id]) VALUES (196, 692);
INSERT INTO [segments] ([id], [round_id]) VALUES (197, 584);
INSERT INTO [segments] ([id], [round_id]) VALUES (198, 703);
INSERT INTO [segments] ([id], [round_id]) VALUES (199, 421);
INSERT INTO [segments] ([id], [round_id]) VALUES (200, 359);
INSERT INTO [segments] ([id], [round_id]) VALUES (201, 391);
INSERT INTO [segments] ([id], [round_id]) VALUES (202, 633);
INSERT INTO [segments] ([id], [round_id]) VALUES (203, 579);
INSERT INTO [segments] ([id], [round_id]) VALUES (204, 550);
INSERT INTO [segments] ([id], [round_id]) VALUES (205, 653);
INSERT INTO [segments] ([id], [round_id]) VALUES (206, 612);
INSERT INTO [segments] ([id], [round_id]) VALUES (207, 114);
INSERT INTO [segments] ([id], [round_id]) VALUES (208, 24);
INSERT INTO [segments] ([id], [round_id]) VALUES (209, 304);
INSERT INTO [segments] ([id], [round_id]) VALUES (210, 680);
INSERT INTO [segments] ([id], [round_id]) VALUES (211, 22);
INSERT INTO [segments] ([id], [round_id]) VALUES (212, 694);
INSERT INTO [segments] ([id], [round_id]) VALUES (213, 572);
INSERT INTO [segments] ([id], [round_id]) VALUES (214, 318);
INSERT INTO [segments] ([id], [round_id]) VALUES (215, 110);
INSERT INTO [segments] ([id], [round_id]) VALUES (216, 534);
INSERT INTO [segments] ([id], [round_id]) VALUES (217, 159);
INSERT INTO [segments] ([id], [round_id]) VALUES (218, 232);
INSERT INTO [segments] ([id], [round_id]) VALUES (219, 237);
INSERT INTO [segments] ([id], [round_id]) VALUES (220, 691);
INSERT INTO [segments] ([id], [round_id]) VALUES (221, 147);
INSERT INTO [segments] ([id], [round_id]) VALUES (222, 600);
INSERT INTO [segments] ([id], [round_id]) VALUES (223, 529);
INSERT INTO [segments] ([id], [round_id]) VALUES (224, 710);
INSERT INTO [segments] ([id], [round_id]) VALUES (225, 274);
INSERT INTO [segments] ([id], [round_id]) VALUES (226, 624);
INSERT INTO [segments] ([id], [round_id]) VALUES (227, 362);
INSERT INTO [segments] ([id], [round_id]) VALUES (228, 593);
INSERT INTO [segments] ([id], [round_id]) VALUES (229, 19);
INSERT INTO [segments] ([id], [round_id]) VALUES (230, 174);
INSERT INTO [segments] ([id], [round_id]) VALUES (231, 449);
INSERT INTO [segments] ([id], [round_id]) VALUES (232, 421);
INSERT INTO [segments] ([id], [round_id]) VALUES (233, 577);
INSERT INTO [segments] ([id], [round_id]) VALUES (234, 447);
INSERT INTO [segments] ([id], [round_id]) VALUES (235, 103);
INSERT INTO [segments] ([id], [round_id]) VALUES (236, 47);
INSERT INTO [segments] ([id], [round_id]) VALUES (237, 68);
INSERT INTO [segments] ([id], [round_id]) VALUES (238, 408);
INSERT INTO [segments] ([id], [round_id]) VALUES (239, 654);
INSERT INTO [segments] ([id], [round_id]) VALUES (240, 592);
INSERT INTO [segments] ([id], [round_id]) VALUES (241, 319);
INSERT INTO [segments] ([id], [round_id]) VALUES (242, 531);
INSERT INTO [segments] ([id], [round_id]) VALUES (243, 58);
INSERT INTO [segments] ([id], [round_id]) VALUES (244, 373);
INSERT INTO [segments] ([id], [round_id]) VALUES (245, 239);
INSERT INTO [segments] ([id], [round_id]) VALUES (246, 131);
INSERT INTO [segments] ([id], [round_id]) VALUES (247, 482);
INSERT INTO [segments] ([id], [round_id]) VALUES (248, 224);
INSERT INTO [segments] ([id], [round_id]) VALUES (249, 399);
INSERT INTO [segments] ([id], [round_id]) VALUES (250, 59);
INSERT INTO [segments] ([id], [round_id]) VALUES (251, 508);
INSERT INTO [segments] ([id], [round_id]) VALUES (252, 235);
INSERT INTO [segments] ([id], [round_id]) VALUES (253, 670);
INSERT INTO [segments] ([id], [round_id]) VALUES (254, 61);
INSERT INTO [segments] ([id], [round_id]) VALUES (255, 471);
INSERT INTO [segments] ([id], [round_id]) VALUES (256, 569);
INSERT INTO [segments] ([id], [round_id]) VALUES (257, 480);
INSERT INTO [segments] ([id], [round_id]) VALUES (258, 590);
INSERT INTO [segments] ([id], [round_id]) VALUES (259, 482);
INSERT INTO [segments] ([id], [round_id]) VALUES (260, 267);
INSERT INTO [segments] ([id], [round_id]) VALUES (261, 628);
INSERT INTO [segments] ([id], [round_id]) VALUES (262, 185);
INSERT INTO [segments] ([id], [round_id]) VALUES (263, 117);
INSERT INTO [segments] ([id], [round_id]) VALUES (264, 286);
INSERT INTO [segments] ([id], [round_id]) VALUES (265, 356);
INSERT INTO [segments] ([id], [round_id]) VALUES (266, 689);
INSERT INTO [segments] ([id], [round_id]) VALUES (267, 85);
INSERT INTO [segments] ([id], [round_id]) VALUES (268, 262);
INSERT INTO [segments] ([id], [round_id]) VALUES (269, 573);
INSERT INTO [segments] ([id], [round_id]) VALUES (270, 608);
INSERT INTO [segments] ([id], [round_id]) VALUES (271, 402);
INSERT INTO [segments] ([id], [round_id]) VALUES (272, 37);
INSERT INTO [segments] ([id], [round_id]) VALUES (273, 518);
INSERT INTO [segments] ([id], [round_id]) VALUES (274, 48);
INSERT INTO [segments] ([id], [round_id]) VALUES (275, 390);
INSERT INTO [segments] ([id], [round_id]) VALUES (276, 342);
INSERT INTO [segments] ([id], [round_id]) VALUES (277, 370);
INSERT INTO [segments] ([id], [round_id]) VALUES (278, 179);
INSERT INTO [segments] ([id], [round_id]) VALUES (279, 640);
INSERT INTO [segments] ([id], [round_id]) VALUES (280, 411);
INSERT INTO [segments] ([id], [round_id]) VALUES (281, 654);
INSERT INTO [segments] ([id], [round_id]) VALUES (282, 144);
INSERT INTO [segments] ([id], [round_id]) VALUES (283, 33);
INSERT INTO [segments] ([id], [round_id]) VALUES (284, 228);
INSERT INTO [segments] ([id], [round_id]) VALUES (285, 618);
INSERT INTO [segments] ([id], [round_id]) VALUES (286, 465);
INSERT INTO [segments] ([id], [round_id]) VALUES (287, 274);
INSERT INTO [segments] ([id], [round_id]) VALUES (288, 629);
INSERT INTO [segments] ([id], [round_id]) VALUES (289, 364);
INSERT INTO [segments] ([id], [round_id]) VALUES (290, 166);
INSERT INTO [segments] ([id], [round_id]) VALUES (291, 389);
INSERT INTO [segments] ([id], [round_id]) VALUES (292, 241);
INSERT INTO [segments] ([id], [round_id]) VALUES (293, 211);
INSERT INTO [segments] ([id], [round_id]) VALUES (294, 656);
INSERT INTO [segments] ([id], [round_id]) VALUES (295, 520);
INSERT INTO [segments] ([id], [round_id]) VALUES (296, 280);
INSERT INTO [segments] ([id], [round_id]) VALUES (297, 394);
INSERT INTO [segments] ([id], [round_id]) VALUES (298, 543);
INSERT INTO [segments] ([id], [round_id]) VALUES (299, 444);
INSERT INTO [segments] ([id], [round_id]) VALUES (300, 640);
INSERT INTO [segments] ([id], [round_id]) VALUES (301, 331);
INSERT INTO [segments] ([id], [round_id]) VALUES (302, 126);
INSERT INTO [segments] ([id], [round_id]) VALUES (303, 573);
INSERT INTO [segments] ([id], [round_id]) VALUES (304, 211);
INSERT INTO [segments] ([id], [round_id]) VALUES (305, 391);
INSERT INTO [segments] ([id], [round_id]) VALUES (306, 472);
INSERT INTO [segments] ([id], [round_id]) VALUES (307, 464);
INSERT INTO [segments] ([id], [round_id]) VALUES (308, 502);
INSERT INTO [segments] ([id], [round_id]) VALUES (309, 82);
INSERT INTO [segments] ([id], [round_id]) VALUES (310, 573);
INSERT INTO [segments] ([id], [round_id]) VALUES (311, 307);
INSERT INTO [segments] ([id], [round_id]) VALUES (312, 9);
INSERT INTO [segments] ([id], [round_id]) VALUES (313, 576);
INSERT INTO [segments] ([id], [round_id]) VALUES (314, 478);
INSERT INTO [segments] ([id], [round_id]) VALUES (315, 147);
INSERT INTO [segments] ([id], [round_id]) VALUES (316, 591);
INSERT INTO [segments] ([id], [round_id]) VALUES (317, 168);
INSERT INTO [segments] ([id], [round_id]) VALUES (318, 306);
INSERT INTO [segments] ([id], [round_id]) VALUES (319, 386);
INSERT INTO [segments] ([id], [round_id]) VALUES (320, 618);
INSERT INTO [segments] ([id], [round_id]) VALUES (321, 289);
INSERT INTO [segments] ([id], [round_id]) VALUES (322, 536);
INSERT INTO [segments] ([id], [round_id]) VALUES (323, 226);
INSERT INTO [segments] ([id], [round_id]) VALUES (324, 613);
INSERT INTO [segments] ([id], [round_id]) VALUES (325, 318);
INSERT INTO [segments] ([id], [round_id]) VALUES (326, 437);
INSERT INTO [segments] ([id], [round_id]) VALUES (327, 647);
INSERT INTO [segments] ([id], [round_id]) VALUES (328, 158);
INSERT INTO [segments] ([id], [round_id]) VALUES (329, 603);
INSERT INTO [segments] ([id], [round_id]) VALUES (330, 664);
INSERT INTO [segments] ([id], [round_id]) VALUES (331, 36);
INSERT INTO [segments] ([id], [round_id]) VALUES (332, 463);
INSERT INTO [segments] ([id], [round_id]) VALUES (333, 413);
INSERT INTO [segments] ([id], [round_id]) VALUES (334, 393);
INSERT INTO [segments] ([id], [round_id]) VALUES (335, 404);
INSERT INTO [segments] ([id], [round_id]) VALUES (336, 32);
INSERT INTO [segments] ([id], [round_id]) VALUES (337, 452);
INSERT INTO [segments] ([id], [round_id]) VALUES (338, 104);
INSERT INTO [segments] ([id], [round_id]) VALUES (339, 77);
INSERT INTO [segments] ([id], [round_id]) VALUES (340, 508);
INSERT INTO [segments] ([id], [round_id]) VALUES (341, 124);
INSERT INTO [segments] ([id], [round_id]) VALUES (342, 315);
INSERT INTO [segments] ([id], [round_id]) VALUES (343, 654);
INSERT INTO [segments] ([id], [round_id]) VALUES (344, 379);
INSERT INTO [segments] ([id], [round_id]) VALUES (345, 667);
INSERT INTO [segments] ([id], [round_id]) VALUES (346, 135);
INSERT INTO [segments] ([id], [round_id]) VALUES (347, 99);
INSERT INTO [segments] ([id], [round_id]) VALUES (348, 520);
INSERT INTO [segments] ([id], [round_id]) VALUES (349, 642);
INSERT INTO [segments] ([id], [round_id]) VALUES (350, 426);
INSERT INTO [segments] ([id], [round_id]) VALUES (351, 194);
INSERT INTO [segments] ([id], [round_id]) VALUES (352, 164);
INSERT INTO [segments] ([id], [round_id]) VALUES (353, 310);
INSERT INTO [segments] ([id], [round_id]) VALUES (354, 375);
INSERT INTO [segments] ([id], [round_id]) VALUES (355, 436);
INSERT INTO [segments] ([id], [round_id]) VALUES (356, 387);
INSERT INTO [segments] ([id], [round_id]) VALUES (357, 172);
INSERT INTO [segments] ([id], [round_id]) VALUES (358, 144);
INSERT INTO [segments] ([id], [round_id]) VALUES (359, 257);
INSERT INTO [segments] ([id], [round_id]) VALUES (360, 465);
INSERT INTO [segments] ([id], [round_id]) VALUES (361, 262);
INSERT INTO [segments] ([id], [round_id]) VALUES (362, 650);
INSERT INTO [segments] ([id], [round_id]) VALUES (363, 78);
INSERT INTO [segments] ([id], [round_id]) VALUES (364, 631);
INSERT INTO [segments] ([id], [round_id]) VALUES (365, 564);
INSERT INTO [segments] ([id], [round_id]) VALUES (366, 566);
INSERT INTO [segments] ([id], [round_id]) VALUES (367, 134);
INSERT INTO [segments] ([id], [round_id]) VALUES (368, 366);
INSERT INTO [segments] ([id], [round_id]) VALUES (369, 174);
INSERT INTO [segments] ([id], [round_id]) VALUES (370, 193);
INSERT INTO [segments] ([id], [round_id]) VALUES (371, 496);
INSERT INTO [segments] ([id], [round_id]) VALUES (372, 210);
INSERT INTO [segments] ([id], [round_id]) VALUES (373, 367);
INSERT INTO [segments] ([id], [round_id]) VALUES (374, 710);
INSERT INTO [segments] ([id], [round_id]) VALUES (375, 444);
INSERT INTO [segments] ([id], [round_id]) VALUES (376, 435);
INSERT INTO [segments] ([id], [round_id]) VALUES (377, 583);
INSERT INTO [segments] ([id], [round_id]) VALUES (378, 32);
INSERT INTO [segments] ([id], [round_id]) VALUES (379, 167);
INSERT INTO [segments] ([id], [round_id]) VALUES (380, 27);
INSERT INTO [segments] ([id], [round_id]) VALUES (381, 704);
INSERT INTO [segments] ([id], [round_id]) VALUES (382, 537);
INSERT INTO [segments] ([id], [round_id]) VALUES (383, 694);
INSERT INTO [segments] ([id], [round_id]) VALUES (384, 116);
INSERT INTO [segments] ([id], [round_id]) VALUES (385, 322);
INSERT INTO [segments] ([id], [round_id]) VALUES (386, 423);
INSERT INTO [segments] ([id], [round_id]) VALUES (387, 126);
INSERT INTO [segments] ([id], [round_id]) VALUES (388, 272);
INSERT INTO [segments] ([id], [round_id]) VALUES (389, 455);
INSERT INTO [segments] ([id], [round_id]) VALUES (390, 489);
INSERT INTO [segments] ([id], [round_id]) VALUES (391, 182);
INSERT INTO [segments] ([id], [round_id]) VALUES (392, 588);
INSERT INTO [segments] ([id], [round_id]) VALUES (393, 365);
INSERT INTO [segments] ([id], [round_id]) VALUES (394, 194);
INSERT INTO [segments] ([id], [round_id]) VALUES (395, 328);
INSERT INTO [segments] ([id], [round_id]) VALUES (396, 553);
INSERT INTO [segments] ([id], [round_id]) VALUES (397, 226);
INSERT INTO [segments] ([id], [round_id]) VALUES (398, 618);
INSERT INTO [segments] ([id], [round_id]) VALUES (399, 580);
INSERT INTO [segments] ([id], [round_id]) VALUES (400, 217);
INSERT INTO [segments] ([id], [round_id]) VALUES (401, 458);
INSERT INTO [segments] ([id], [round_id]) VALUES (402, 409);
INSERT INTO [segments] ([id], [round_id]) VALUES (403, 17);
INSERT INTO [segments] ([id], [round_id]) VALUES (404, 380);
INSERT INTO [segments] ([id], [round_id]) VALUES (405, 363);
INSERT INTO [segments] ([id], [round_id]) VALUES (406, 709);
INSERT INTO [segments] ([id], [round_id]) VALUES (407, 603);
INSERT INTO [segments] ([id], [round_id]) VALUES (408, 698);
INSERT INTO [segments] ([id], [round_id]) VALUES (409, 351);
INSERT INTO [segments] ([id], [round_id]) VALUES (410, 365);
INSERT INTO [segments] ([id], [round_id]) VALUES (411, 599);
INSERT INTO [segments] ([id], [round_id]) VALUES (412, 260);
INSERT INTO [segments] ([id], [round_id]) VALUES (413, 663);
INSERT INTO [segments] ([id], [round_id]) VALUES (414, 640);
INSERT INTO [segments] ([id], [round_id]) VALUES (415, 127);
INSERT INTO [segments] ([id], [round_id]) VALUES (416, 222);
INSERT INTO [segments] ([id], [round_id]) VALUES (417, 486);
INSERT INTO [segments] ([id], [round_id]) VALUES (418, 177);
INSERT INTO [segments] ([id], [round_id]) VALUES (419, 683);
INSERT INTO [segments] ([id], [round_id]) VALUES (420, 286);
INSERT INTO [segments] ([id], [round_id]) VALUES (421, 121);
INSERT INTO [segments] ([id], [round_id]) VALUES (422, 328);
INSERT INTO [segments] ([id], [round_id]) VALUES (423, 39);
INSERT INTO [segments] ([id], [round_id]) VALUES (424, 80);
INSERT INTO [segments] ([id], [round_id]) VALUES (425, 223);
INSERT INTO [segments] ([id], [round_id]) VALUES (426, 46);
INSERT INTO [segments] ([id], [round_id]) VALUES (427, 250);
INSERT INTO [segments] ([id], [round_id]) VALUES (428, 442);
INSERT INTO [segments] ([id], [round_id]) VALUES (429, 421);
INSERT INTO [segments] ([id], [round_id]) VALUES (430, 361);
INSERT INTO [segments] ([id], [round_id]) VALUES (431, 537);
INSERT INTO [segments] ([id], [round_id]) VALUES (432, 531);
INSERT INTO [segments] ([id], [round_id]) VALUES (433, 615);
INSERT INTO [segments] ([id], [round_id]) VALUES (434, 300);
INSERT INTO [segments] ([id], [round_id]) VALUES (435, 529);
INSERT INTO [segments] ([id], [round_id]) VALUES (436, 275);
INSERT INTO [segments] ([id], [round_id]) VALUES (437, 116);
INSERT INTO [segments] ([id], [round_id]) VALUES (438, 88);
INSERT INTO [segments] ([id], [round_id]) VALUES (439, 606);
INSERT INTO [segments] ([id], [round_id]) VALUES (440, 345);
INSERT INTO [segments] ([id], [round_id]) VALUES (441, 16);
INSERT INTO [segments] ([id], [round_id]) VALUES (442, 643);
INSERT INTO [segments] ([id], [round_id]) VALUES (443, 320);
INSERT INTO [segments] ([id], [round_id]) VALUES (444, 515);
INSERT INTO [segments] ([id], [round_id]) VALUES (445, 138);
INSERT INTO [segments] ([id], [round_id]) VALUES (446, 100);
INSERT INTO [segments] ([id], [round_id]) VALUES (447, 346);
INSERT INTO [segments] ([id], [round_id]) VALUES (448, 573);
INSERT INTO [segments] ([id], [round_id]) VALUES (449, 379);
INSERT INTO [segments] ([id], [round_id]) VALUES (450, 99);
INSERT INTO [segments] ([id], [round_id]) VALUES (451, 147);
INSERT INTO [segments] ([id], [round_id]) VALUES (452, 180);
INSERT INTO [segments] ([id], [round_id]) VALUES (453, 383);
INSERT INTO [segments] ([id], [round_id]) VALUES (454, 376);
INSERT INTO [segments] ([id], [round_id]) VALUES (455, 582);
INSERT INTO [segments] ([id], [round_id]) VALUES (456, 575);
INSERT INTO [segments] ([id], [round_id]) VALUES (457, 105);
INSERT INTO [segments] ([id], [round_id]) VALUES (458, 58);
INSERT INTO [segments] ([id], [round_id]) VALUES (459, 117);
INSERT INTO [segments] ([id], [round_id]) VALUES (460, 484);
INSERT INTO [segments] ([id], [round_id]) VALUES (461, 61);
INSERT INTO [segments] ([id], [round_id]) VALUES (462, 408);
INSERT INTO [segments] ([id], [round_id]) VALUES (463, 403);
INSERT INTO [segments] ([id], [round_id]) VALUES (464, 446);
INSERT INTO [segments] ([id], [round_id]) VALUES (465, 363);
INSERT INTO [segments] ([id], [round_id]) VALUES (466, 288);
INSERT INTO [segments] ([id], [round_id]) VALUES (467, 320);
INSERT INTO [segments] ([id], [round_id]) VALUES (468, 489);
INSERT INTO [segments] ([id], [round_id]) VALUES (469, 664);
INSERT INTO [segments] ([id], [round_id]) VALUES (470, 491);
INSERT INTO [segments] ([id], [round_id]) VALUES (471, 554);
INSERT INTO [segments] ([id], [round_id]) VALUES (472, 249);
INSERT INTO [segments] ([id], [round_id]) VALUES (473, 376);
INSERT INTO [segments] ([id], [round_id]) VALUES (474, 464);
INSERT INTO [segments] ([id], [round_id]) VALUES (475, 362);
INSERT INTO [segments] ([id], [round_id]) VALUES (476, 250);
INSERT INTO [segments] ([id], [round_id]) VALUES (477, 156);
INSERT INTO [segments] ([id], [round_id]) VALUES (478, 18);
INSERT INTO [segments] ([id], [round_id]) VALUES (479, 441);
INSERT INTO [segments] ([id], [round_id]) VALUES (480, 510);
INSERT INTO [segments] ([id], [round_id]) VALUES (481, 539);
INSERT INTO [segments] ([id], [round_id]) VALUES (482, 496);
INSERT INTO [segments] ([id], [round_id]) VALUES (483, 75);
INSERT INTO [segments] ([id], [round_id]) VALUES (484, 309);
INSERT INTO [segments] ([id], [round_id]) VALUES (485, 232);
INSERT INTO [segments] ([id], [round_id]) VALUES (486, 203);
INSERT INTO [segments] ([id], [round_id]) VALUES (487, 363);
INSERT INTO [segments] ([id], [round_id]) VALUES (488, 480);
INSERT INTO [segments] ([id], [round_id]) VALUES (489, 109);
INSERT INTO [segments] ([id], [round_id]) VALUES (490, 99);
INSERT INTO [segments] ([id], [round_id]) VALUES (491, 279);
INSERT INTO [segments] ([id], [round_id]) VALUES (492, 11);
INSERT INTO [segments] ([id], [round_id]) VALUES (493, 395);
INSERT INTO [segments] ([id], [round_id]) VALUES (494, 518);
INSERT INTO [segments] ([id], [round_id]) VALUES (495, 72);
INSERT INTO [segments] ([id], [round_id]) VALUES (496, 264);
INSERT INTO [segments] ([id], [round_id]) VALUES (497, 684);
INSERT INTO [segments] ([id], [round_id]) VALUES (498, 353);
INSERT INTO [segments] ([id], [round_id]) VALUES (499, 94);
INSERT INTO [segments] ([id], [round_id]) VALUES (500, 248);
INSERT INTO [segments] ([id], [round_id]) VALUES (501, 686);
INSERT INTO [segments] ([id], [round_id]) VALUES (502, 550);
INSERT INTO [segments] ([id], [round_id]) VALUES (503, 540);
INSERT INTO [segments] ([id], [round_id]) VALUES (504, 112);
INSERT INTO [segments] ([id], [round_id]) VALUES (505, 463);
INSERT INTO [segments] ([id], [round_id]) VALUES (506, 591);
INSERT INTO [segments] ([id], [round_id]) VALUES (507, 199);
INSERT INTO [segments] ([id], [round_id]) VALUES (508, 121);
INSERT INTO [segments] ([id], [round_id]) VALUES (509, 638);
INSERT INTO [segments] ([id], [round_id]) VALUES (510, 654);
INSERT INTO [segments] ([id], [round_id]) VALUES (511, 620);
INSERT INTO [segments] ([id], [round_id]) VALUES (512, 439);
INSERT INTO [segments] ([id], [round_id]) VALUES (513, 274);
INSERT INTO [segments] ([id], [round_id]) VALUES (514, 681);
INSERT INTO [segments] ([id], [round_id]) VALUES (515, 383);
INSERT INTO [segments] ([id], [round_id]) VALUES (516, 31);
INSERT INTO [segments] ([id], [round_id]) VALUES (517, 574);
INSERT INTO [segments] ([id], [round_id]) VALUES (518, 121);
INSERT INTO [segments] ([id], [round_id]) VALUES (519, 70);
INSERT INTO [segments] ([id], [round_id]) VALUES (520, 32);
INSERT INTO [segments] ([id], [round_id]) VALUES (521, 173);
INSERT INTO [segments] ([id], [round_id]) VALUES (522, 302);
INSERT INTO [segments] ([id], [round_id]) VALUES (523, 563);
INSERT INTO [segments] ([id], [round_id]) VALUES (524, 507);
INSERT INTO [segments] ([id], [round_id]) VALUES (525, 490);
INSERT INTO [segments] ([id], [round_id]) VALUES (526, 492);
INSERT INTO [segments] ([id], [round_id]) VALUES (527, 496);
INSERT INTO [segments] ([id], [round_id]) VALUES (528, 570);
INSERT INTO [segments] ([id], [round_id]) VALUES (529, 301);
INSERT INTO [segments] ([id], [round_id]) VALUES (530, 79);
INSERT INTO [segments] ([id], [round_id]) VALUES (531, 85);
INSERT INTO [segments] ([id], [round_id]) VALUES (532, 237);
INSERT INTO [segments] ([id], [round_id]) VALUES (533, 219);
INSERT INTO [segments] ([id], [round_id]) VALUES (534, 161);
INSERT INTO [segments] ([id], [round_id]) VALUES (535, 688);
INSERT INTO [segments] ([id], [round_id]) VALUES (536, 661);
INSERT INTO [segments] ([id], [round_id]) VALUES (537, 334);
INSERT INTO [segments] ([id], [round_id]) VALUES (538, 276);
INSERT INTO [segments] ([id], [round_id]) VALUES (539, 222);
INSERT INTO [segments] ([id], [round_id]) VALUES (540, 116);
INSERT INTO [segments] ([id], [round_id]) VALUES (541, 678);
INSERT INTO [segments] ([id], [round_id]) VALUES (542, 596);
INSERT INTO [segments] ([id], [round_id]) VALUES (543, 162);
INSERT INTO [segments] ([id], [round_id]) VALUES (544, 505);
INSERT INTO [segments] ([id], [round_id]) VALUES (545, 601);
INSERT INTO [segments] ([id], [round_id]) VALUES (546, 60);
INSERT INTO [segments] ([id], [round_id]) VALUES (547, 400);
INSERT INTO [segments] ([id], [round_id]) VALUES (548, 677);
INSERT INTO [segments] ([id], [round_id]) VALUES (549, 214);
INSERT INTO [segments] ([id], [round_id]) VALUES (550, 686);
INSERT INTO [segments] ([id], [round_id]) VALUES (551, 239);
INSERT INTO [segments] ([id], [round_id]) VALUES (552, 515);
INSERT INTO [segments] ([id], [round_id]) VALUES (553, 21);
INSERT INTO [segments] ([id], [round_id]) VALUES (554, 91);
INSERT INTO [segments] ([id], [round_id]) VALUES (555, 681);
INSERT INTO [segments] ([id], [round_id]) VALUES (556, 185);
INSERT INTO [segments] ([id], [round_id]) VALUES (557, 75);
INSERT INTO [segments] ([id], [round_id]) VALUES (558, 518);
INSERT INTO [segments] ([id], [round_id]) VALUES (559, 480);
INSERT INTO [segments] ([id], [round_id]) VALUES (560, 240);
INSERT INTO [segments] ([id], [round_id]) VALUES (561, 375);
INSERT INTO [segments] ([id], [round_id]) VALUES (562, 585);
INSERT INTO [segments] ([id], [round_id]) VALUES (563, 188);
INSERT INTO [segments] ([id], [round_id]) VALUES (564, 578);
INSERT INTO [segments] ([id], [round_id]) VALUES (565, 98);
INSERT INTO [segments] ([id], [round_id]) VALUES (566, 515);
INSERT INTO [segments] ([id], [round_id]) VALUES (567, 273);
INSERT INTO [segments] ([id], [round_id]) VALUES (568, 198);
INSERT INTO [segments] ([id], [round_id]) VALUES (569, 242);
INSERT INTO [segments] ([id], [round_id]) VALUES (570, 324);
INSERT INTO [segments] ([id], [round_id]) VALUES (571, 482);
INSERT INTO [segments] ([id], [round_id]) VALUES (572, 215);
INSERT INTO [segments] ([id], [round_id]) VALUES (573, 456);
INSERT INTO [segments] ([id], [round_id]) VALUES (574, 480);
INSERT INTO [segments] ([id], [round_id]) VALUES (575, 611);
INSERT INTO [segments] ([id], [round_id]) VALUES (576, 417);
INSERT INTO [segments] ([id], [round_id]) VALUES (577, 663);
INSERT INTO [segments] ([id], [round_id]) VALUES (578, 542);
INSERT INTO [segments] ([id], [round_id]) VALUES (579, 72);
INSERT INTO [segments] ([id], [round_id]) VALUES (580, 382);
INSERT INTO [segments] ([id], [round_id]) VALUES (581, 51);
INSERT INTO [segments] ([id], [round_id]) VALUES (582, 137);
INSERT INTO [segments] ([id], [round_id]) VALUES (583, 529);
INSERT INTO [segments] ([id], [round_id]) VALUES (584, 652);
INSERT INTO [segments] ([id], [round_id]) VALUES (585, 112);
INSERT INTO [segments] ([id], [round_id]) VALUES (586, 700);
INSERT INTO [segments] ([id], [round_id]) VALUES (587, 501);
INSERT INTO [segments] ([id], [round_id]) VALUES (588, 578);
INSERT INTO [segments] ([id], [round_id]) VALUES (589, 194);
INSERT INTO [segments] ([id], [round_id]) VALUES (590, 428);
INSERT INTO [segments] ([id], [round_id]) VALUES (591, 164);
INSERT INTO [segments] ([id], [round_id]) VALUES (592, 273);
INSERT INTO [segments] ([id], [round_id]) VALUES (593, 594);
INSERT INTO [segments] ([id], [round_id]) VALUES (594, 628);
INSERT INTO [segments] ([id], [round_id]) VALUES (595, 255);
INSERT INTO [segments] ([id], [round_id]) VALUES (596, 63);
INSERT INTO [segments] ([id], [round_id]) VALUES (597, 621);
INSERT INTO [segments] ([id], [round_id]) VALUES (598, 37);
INSERT INTO [segments] ([id], [round_id]) VALUES (599, 677);
INSERT INTO [segments] ([id], [round_id]) VALUES (600, 545);
INSERT INTO [segments] ([id], [round_id]) VALUES (601, 444);
INSERT INTO [segments] ([id], [round_id]) VALUES (602, 533);
INSERT INTO [segments] ([id], [round_id]) VALUES (603, 193);
INSERT INTO [segments] ([id], [round_id]) VALUES (604, 278);
INSERT INTO [segments] ([id], [round_id]) VALUES (605, 82);
INSERT INTO [segments] ([id], [round_id]) VALUES (606, 150);
INSERT INTO [segments] ([id], [round_id]) VALUES (607, 240);
INSERT INTO [segments] ([id], [round_id]) VALUES (608, 548);
INSERT INTO [segments] ([id], [round_id]) VALUES (609, 628);
INSERT INTO [segments] ([id], [round_id]) VALUES (610, 62);
INSERT INTO [segments] ([id], [round_id]) VALUES (611, 527);
INSERT INTO [segments] ([id], [round_id]) VALUES (612, 116);
INSERT INTO [segments] ([id], [round_id]) VALUES (613, 169);
INSERT INTO [segments] ([id], [round_id]) VALUES (614, 391);
INSERT INTO [segments] ([id], [round_id]) VALUES (615, 304);
INSERT INTO [segments] ([id], [round_id]) VALUES (616, 492);
INSERT INTO [segments] ([id], [round_id]) VALUES (617, 102);
INSERT INTO [segments] ([id], [round_id]) VALUES (618, 79);
INSERT INTO [segments] ([id], [round_id]) VALUES (619, 56);
INSERT INTO [segments] ([id], [round_id]) VALUES (620, 489);
INSERT INTO [segments] ([id], [round_id]) VALUES (621, 70);
INSERT INTO [segments] ([id], [round_id]) VALUES (622, 365);
INSERT INTO [segments] ([id], [round_id]) VALUES (623, 677);
INSERT INTO [segments] ([id], [round_id]) VALUES (624, 624);
INSERT INTO [segments] ([id], [round_id]) VALUES (625, 189);
INSERT INTO [segments] ([id], [round_id]) VALUES (626, 452);
INSERT INTO [segments] ([id], [round_id]) VALUES (627, 648);
INSERT INTO [segments] ([id], [round_id]) VALUES (628, 508);
INSERT INTO [segments] ([id], [round_id]) VALUES (629, 450);
INSERT INTO [segments] ([id], [round_id]) VALUES (630, 165);
INSERT INTO [segments] ([id], [round_id]) VALUES (631, 242);
INSERT INTO [segments] ([id], [round_id]) VALUES (632, 520);
INSERT INTO [segments] ([id], [round_id]) VALUES (633, 579);
INSERT INTO [segments] ([id], [round_id]) VALUES (634, 604);
INSERT INTO [segments] ([id], [round_id]) VALUES (635, 242);
INSERT INTO [segments] ([id], [round_id]) VALUES (636, 423);
INSERT INTO [segments] ([id], [round_id]) VALUES (637, 72);
INSERT INTO [segments] ([id], [round_id]) VALUES (638, 29);
INSERT INTO [segments] ([id], [round_id]) VALUES (639, 707);
INSERT INTO [segments] ([id], [round_id]) VALUES (640, 103);
INSERT INTO [segments] ([id], [round_id]) VALUES (641, 113);
INSERT INTO [segments] ([id], [round_id]) VALUES (642, 304);
INSERT INTO [segments] ([id], [round_id]) VALUES (643, 553);
INSERT INTO [segments] ([id], [round_id]) VALUES (644, 248);
INSERT INTO [segments] ([id], [round_id]) VALUES (645, 461);
INSERT INTO [segments] ([id], [round_id]) VALUES (646, 200);
INSERT INTO [segments] ([id], [round_id]) VALUES (647, 353);
INSERT INTO [segments] ([id], [round_id]) VALUES (648, 557);
INSERT INTO [segments] ([id], [round_id]) VALUES (649, 693);
INSERT INTO [segments] ([id], [round_id]) VALUES (650, 440);
INSERT INTO [segments] ([id], [round_id]) VALUES (651, 345);
INSERT INTO [segments] ([id], [round_id]) VALUES (652, 694);
INSERT INTO [segments] ([id], [round_id]) VALUES (653, 562);
INSERT INTO [segments] ([id], [round_id]) VALUES (654, 263);
INSERT INTO [segments] ([id], [round_id]) VALUES (655, 398);
INSERT INTO [segments] ([id], [round_id]) VALUES (656, 330);
INSERT INTO [segments] ([id], [round_id]) VALUES (657, 385);
INSERT INTO [segments] ([id], [round_id]) VALUES (658, 527);
INSERT INTO [segments] ([id], [round_id]) VALUES (659, 253);
INSERT INTO [segments] ([id], [round_id]) VALUES (660, 32);
INSERT INTO [segments] ([id], [round_id]) VALUES (661, 403);
INSERT INTO [segments] ([id], [round_id]) VALUES (662, 217);
INSERT INTO [segments] ([id], [round_id]) VALUES (663, 395);
INSERT INTO [segments] ([id], [round_id]) VALUES (664, 651);
INSERT INTO [segments] ([id], [round_id]) VALUES (665, 457);
INSERT INTO [segments] ([id], [round_id]) VALUES (666, 252);
INSERT INTO [segments] ([id], [round_id]) VALUES (667, 28);
INSERT INTO [segments] ([id], [round_id]) VALUES (668, 527);
INSERT INTO [segments] ([id], [round_id]) VALUES (669, 670);
INSERT INTO [segments] ([id], [round_id]) VALUES (670, 359);
INSERT INTO [segments] ([id], [round_id]) VALUES (671, 74);
INSERT INTO [segments] ([id], [round_id]) VALUES (672, 585);
INSERT INTO [segments] ([id], [round_id]) VALUES (673, 417);
INSERT INTO [segments] ([id], [round_id]) VALUES (674, 510);
INSERT INTO [segments] ([id], [round_id]) VALUES (675, 424);
INSERT INTO [segments] ([id], [round_id]) VALUES (676, 344);
INSERT INTO [segments] ([id], [round_id]) VALUES (677, 634);
INSERT INTO [segments] ([id], [round_id]) VALUES (678, 208);
INSERT INTO [segments] ([id], [round_id]) VALUES (679, 577);
INSERT INTO [segments] ([id], [round_id]) VALUES (680, 659);
INSERT INTO [segments] ([id], [round_id]) VALUES (681, 328);
INSERT INTO [segments] ([id], [round_id]) VALUES (682, 497);
INSERT INTO [segments] ([id], [round_id]) VALUES (683, 30);
INSERT INTO [segments] ([id], [round_id]) VALUES (684, 259);
INSERT INTO [segments] ([id], [round_id]) VALUES (685, 633);
INSERT INTO [segments] ([id], [round_id]) VALUES (686, 605);
INSERT INTO [segments] ([id], [round_id]) VALUES (687, 112);
INSERT INTO [segments] ([id], [round_id]) VALUES (688, 459);
INSERT INTO [segments] ([id], [round_id]) VALUES (689, 615);
INSERT INTO [segments] ([id], [round_id]) VALUES (690, 162);
INSERT INTO [segments] ([id], [round_id]) VALUES (691, 630);
INSERT INTO [segments] ([id], [round_id]) VALUES (692, 540);
INSERT INTO [segments] ([id], [round_id]) VALUES (693, 586);
INSERT INTO [segments] ([id], [round_id]) VALUES (694, 62);
INSERT INTO [segments] ([id], [round_id]) VALUES (695, 468);
INSERT INTO [segments] ([id], [round_id]) VALUES (696, 677);
INSERT INTO [segments] ([id], [round_id]) VALUES (697, 260);
INSERT INTO [segments] ([id], [round_id]) VALUES (698, 584);
INSERT INTO [segments] ([id], [round_id]) VALUES (699, 146);
INSERT INTO [segments] ([id], [round_id]) VALUES (700, 377);
INSERT INTO [segments] ([id], [round_id]) VALUES (701, 324);
INSERT INTO [segments] ([id], [round_id]) VALUES (702, 636);
INSERT INTO [segments] ([id], [round_id]) VALUES (703, 188);
INSERT INTO [segments] ([id], [round_id]) VALUES (704, 379);
INSERT INTO [segments] ([id], [round_id]) VALUES (705, 708);
INSERT INTO [segments] ([id], [round_id]) VALUES (706, 32);
INSERT INTO [segments] ([id], [round_id]) VALUES (707, 162);
INSERT INTO [segments] ([id], [round_id]) VALUES (708, 674);
INSERT INTO [segments] ([id], [round_id]) VALUES (709, 677);
INSERT INTO [segments] ([id], [round_id]) VALUES (710, 417);
INSERT INTO [segments] ([id], [round_id]) VALUES (711, 251);
INSERT INTO [segments] ([id], [round_id]) VALUES (712, 122);
INSERT INTO [segments] ([id], [round_id]) VALUES (713, 679);
INSERT INTO [segments] ([id], [round_id]) VALUES (714, 248);
INSERT INTO [segments] ([id], [round_id]) VALUES (715, 168);
INSERT INTO [segments] ([id], [round_id]) VALUES (716, 213);
INSERT INTO [segments] ([id], [round_id]) VALUES (717, 710);
INSERT INTO [segments] ([id], [round_id]) VALUES (718, 532);
INSERT INTO [segments] ([id], [round_id]) VALUES (719, 298);
INSERT INTO [segments] ([id], [round_id]) VALUES (720, 690);
INSERT INTO [segments] ([id], [round_id]) VALUES (721, 149);
INSERT INTO [segments] ([id], [round_id]) VALUES (722, 584);
INSERT INTO [segments] ([id], [round_id]) VALUES (723, 339);
INSERT INTO [segments] ([id], [round_id]) VALUES (724, 26);
INSERT INTO [segments] ([id], [round_id]) VALUES (725, 148);
INSERT INTO [segments] ([id], [round_id]) VALUES (726, 682);
INSERT INTO [segments] ([id], [round_id]) VALUES (727, 14);
INSERT INTO [segments] ([id], [round_id]) VALUES (728, 546);
INSERT INTO [segments] ([id], [round_id]) VALUES (729, 412);
INSERT INTO [segments] ([id], [round_id]) VALUES (730, 300);
INSERT INTO [segments] ([id], [round_id]) VALUES (731, 517);
INSERT INTO [segments] ([id], [round_id]) VALUES (732, 15);
INSERT INTO [segments] ([id], [round_id]) VALUES (733, 247);
INSERT INTO [segments] ([id], [round_id]) VALUES (734, 107);
INSERT INTO [segments] ([id], [round_id]) VALUES (735, 678);
INSERT INTO [segments] ([id], [round_id]) VALUES (736, 187);
INSERT INTO [segments] ([id], [round_id]) VALUES (737, 422);
INSERT INTO [segments] ([id], [round_id]) VALUES (738, 652);
INSERT INTO [segments] ([id], [round_id]) VALUES (739, 101);
INSERT INTO [segments] ([id], [round_id]) VALUES (740, 701);
INSERT INTO [segments] ([id], [round_id]) VALUES (741, 53);
INSERT INTO [segments] ([id], [round_id]) VALUES (742, 231);
INSERT INTO [segments] ([id], [round_id]) VALUES (743, 416);
INSERT INTO [segments] ([id], [round_id]) VALUES (744, 49);
INSERT INTO [segments] ([id], [round_id]) VALUES (745, 299);
INSERT INTO [segments] ([id], [round_id]) VALUES (746, 463);
INSERT INTO [segments] ([id], [round_id]) VALUES (747, 109);
INSERT INTO [segments] ([id], [round_id]) VALUES (748, 513);
INSERT INTO [segments] ([id], [round_id]) VALUES (749, 314);
INSERT INTO [segments] ([id], [round_id]) VALUES (750, 187);
INSERT INTO [segments] ([id], [round_id]) VALUES (751, 452);
INSERT INTO [segments] ([id], [round_id]) VALUES (752, 210);
INSERT INTO [segments] ([id], [round_id]) VALUES (753, 359);
INSERT INTO [segments] ([id], [round_id]) VALUES (754, 699);
INSERT INTO [segments] ([id], [round_id]) VALUES (755, 370);
INSERT INTO [segments] ([id], [round_id]) VALUES (756, 237);
INSERT INTO [segments] ([id], [round_id]) VALUES (757, 395);
INSERT INTO [segments] ([id], [round_id]) VALUES (758, 453);
INSERT INTO [segments] ([id], [round_id]) VALUES (759, 239);
INSERT INTO [segments] ([id], [round_id]) VALUES (760, 544);
INSERT INTO [segments] ([id], [round_id]) VALUES (761, 537);
INSERT INTO [segments] ([id], [round_id]) VALUES (762, 678);
INSERT INTO [segments] ([id], [round_id]) VALUES (763, 578);
INSERT INTO [segments] ([id], [round_id]) VALUES (764, 640);
INSERT INTO [segments] ([id], [round_id]) VALUES (765, 177);
INSERT INTO [segments] ([id], [round_id]) VALUES (766, 614);
INSERT INTO [segments] ([id], [round_id]) VALUES (767, 107);
INSERT INTO [segments] ([id], [round_id]) VALUES (768, 542);
INSERT INTO [segments] ([id], [round_id]) VALUES (769, 53);
INSERT INTO [segments] ([id], [round_id]) VALUES (770, 710);
INSERT INTO [segments] ([id], [round_id]) VALUES (771, 303);
INSERT INTO [segments] ([id], [round_id]) VALUES (772, 557);
INSERT INTO [segments] ([id], [round_id]) VALUES (773, 670);
INSERT INTO [segments] ([id], [round_id]) VALUES (774, 286);
INSERT INTO [segments] ([id], [round_id]) VALUES (775, 662);
INSERT INTO [segments] ([id], [round_id]) VALUES (776, 152);
INSERT INTO [segments] ([id], [round_id]) VALUES (777, 420);
INSERT INTO [segments] ([id], [round_id]) VALUES (778, 685);
INSERT INTO [segments] ([id], [round_id]) VALUES (779, 500);
INSERT INTO [segments] ([id], [round_id]) VALUES (780, 581);
INSERT INTO [segments] ([id], [round_id]) VALUES (781, 355);
INSERT INTO [segments] ([id], [round_id]) VALUES (782, 345);
INSERT INTO [segments] ([id], [round_id]) VALUES (783, 134);
INSERT INTO [segments] ([id], [round_id]) VALUES (784, 473);
INSERT INTO [segments] ([id], [round_id]) VALUES (785, 301);
INSERT INTO [segments] ([id], [round_id]) VALUES (786, 447);
INSERT INTO [segments] ([id], [round_id]) VALUES (787, 584);
INSERT INTO [segments] ([id], [round_id]) VALUES (788, 380);
INSERT INTO [segments] ([id], [round_id]) VALUES (789, 600);
INSERT INTO [segments] ([id], [round_id]) VALUES (790, 405);
INSERT INTO [segments] ([id], [round_id]) VALUES (791, 694);
INSERT INTO [segments] ([id], [round_id]) VALUES (792, 626);
INSERT INTO [segments] ([id], [round_id]) VALUES (793, 214);
INSERT INTO [segments] ([id], [round_id]) VALUES (794, 609);
INSERT INTO [segments] ([id], [round_id]) VALUES (795, 192);
INSERT INTO [segments] ([id], [round_id]) VALUES (796, 196);
INSERT INTO [segments] ([id], [round_id]) VALUES (797, 405);
INSERT INTO [segments] ([id], [round_id]) VALUES (798, 179);
INSERT INTO [segments] ([id], [round_id]) VALUES (799, 117);
INSERT INTO [segments] ([id], [round_id]) VALUES (800, 689);
INSERT INTO [segments] ([id], [round_id]) VALUES (801, 601);
INSERT INTO [segments] ([id], [round_id]) VALUES (802, 389);
INSERT INTO [segments] ([id], [round_id]) VALUES (803, 56);
INSERT INTO [segments] ([id], [round_id]) VALUES (804, 26);
INSERT INTO [segments] ([id], [round_id]) VALUES (805, 281);
INSERT INTO [segments] ([id], [round_id]) VALUES (806, 457);
INSERT INTO [segments] ([id], [round_id]) VALUES (807, 613);
INSERT INTO [segments] ([id], [round_id]) VALUES (808, 688);
INSERT INTO [segments] ([id], [round_id]) VALUES (809, 651);
INSERT INTO [segments] ([id], [round_id]) VALUES (810, 568);
INSERT INTO [segments] ([id], [round_id]) VALUES (811, 547);
INSERT INTO [segments] ([id], [round_id]) VALUES (812, 425);
INSERT INTO [segments] ([id], [round_id]) VALUES (813, 183);
INSERT INTO [segments] ([id], [round_id]) VALUES (814, 648);
INSERT INTO [segments] ([id], [round_id]) VALUES (815, 612);
INSERT INTO [segments] ([id], [round_id]) VALUES (816, 503);
INSERT INTO [segments] ([id], [round_id]) VALUES (817, 157);
INSERT INTO [segments] ([id], [round_id]) VALUES (818, 702);
INSERT INTO [segments] ([id], [round_id]) VALUES (819, 244);
INSERT INTO [segments] ([id], [round_id]) VALUES (820, 632);
INSERT INTO [segments] ([id], [round_id]) VALUES (821, 625);
INSERT INTO [segments] ([id], [round_id]) VALUES (822, 170);
INSERT INTO [segments] ([id], [round_id]) VALUES (823, 124);
INSERT INTO [segments] ([id], [round_id]) VALUES (824, 126);
INSERT INTO [segments] ([id], [round_id]) VALUES (825, 122);
INSERT INTO [segments] ([id], [round_id]) VALUES (826, 202);
INSERT INTO [segments] ([id], [round_id]) VALUES (827, 95);
INSERT INTO [segments] ([id], [round_id]) VALUES (828, 112);
INSERT INTO [segments] ([id], [round_id]) VALUES (829, 444);
INSERT INTO [segments] ([id], [round_id]) VALUES (830, 694);
INSERT INTO [segments] ([id], [round_id]) VALUES (831, 320);
INSERT INTO [segments] ([id], [round_id]) VALUES (832, 45);
INSERT INTO [segments] ([id], [round_id]) VALUES (833, 679);
INSERT INTO [segments] ([id], [round_id]) VALUES (834, 444);
INSERT INTO [segments] ([id], [round_id]) VALUES (835, 545);
INSERT INTO [segments] ([id], [round_id]) VALUES (836, 148);
INSERT INTO [segments] ([id], [round_id]) VALUES (837, 651);
INSERT INTO [segments] ([id], [round_id]) VALUES (838, 350);
INSERT INTO [segments] ([id], [round_id]) VALUES (839, 473);
INSERT INTO [segments] ([id], [round_id]) VALUES (840, 417);
INSERT INTO [segments] ([id], [round_id]) VALUES (841, 134);
INSERT INTO [segments] ([id], [round_id]) VALUES (842, 636);
INSERT INTO [segments] ([id], [round_id]) VALUES (843, 681);
INSERT INTO [segments] ([id], [round_id]) VALUES (844, 575);
INSERT INTO [segments] ([id], [round_id]) VALUES (845, 153);
INSERT INTO [segments] ([id], [round_id]) VALUES (846, 413);
INSERT INTO [segments] ([id], [round_id]) VALUES (847, 179);
INSERT INTO [segments] ([id], [round_id]) VALUES (848, 646);
INSERT INTO [segments] ([id], [round_id]) VALUES (849, 371);
INSERT INTO [segments] ([id], [round_id]) VALUES (850, 595);
INSERT INTO [segments] ([id], [round_id]) VALUES (851, 572);
INSERT INTO [segments] ([id], [round_id]) VALUES (852, 448);
INSERT INTO [segments] ([id], [round_id]) VALUES (853, 38);
INSERT INTO [segments] ([id], [round_id]) VALUES (854, 631);
INSERT INTO [segments] ([id], [round_id]) VALUES (855, 437);
INSERT INTO [segments] ([id], [round_id]) VALUES (856, 400);
INSERT INTO [segments] ([id], [round_id]) VALUES (857, 377);
INSERT INTO [segments] ([id], [round_id]) VALUES (858, 536);
INSERT INTO [segments] ([id], [round_id]) VALUES (859, 177);
INSERT INTO [segments] ([id], [round_id]) VALUES (860, 218);
INSERT INTO [segments] ([id], [round_id]) VALUES (861, 547);
INSERT INTO [segments] ([id], [round_id]) VALUES (862, 351);
INSERT INTO [segments] ([id], [round_id]) VALUES (863, 16);
INSERT INTO [segments] ([id], [round_id]) VALUES (864, 685);
INSERT INTO [segments] ([id], [round_id]) VALUES (865, 3);
INSERT INTO [segments] ([id], [round_id]) VALUES (866, 445);
INSERT INTO [segments] ([id], [round_id]) VALUES (867, 685);
INSERT INTO [segments] ([id], [round_id]) VALUES (868, 166);
INSERT INTO [segments] ([id], [round_id]) VALUES (869, 52);
INSERT INTO [segments] ([id], [round_id]) VALUES (870, 654);
INSERT INTO [segments] ([id], [round_id]) VALUES (871, 12);
INSERT INTO [segments] ([id], [round_id]) VALUES (872, 346);
INSERT INTO [segments] ([id], [round_id]) VALUES (873, 541);
INSERT INTO [segments] ([id], [round_id]) VALUES (874, 163);
INSERT INTO [segments] ([id], [round_id]) VALUES (875, 204);
INSERT INTO [segments] ([id], [round_id]) VALUES (876, 405);
INSERT INTO [segments] ([id], [round_id]) VALUES (877, 542);
INSERT INTO [segments] ([id], [round_id]) VALUES (878, 169);
INSERT INTO [segments] ([id], [round_id]) VALUES (879, 525);
INSERT INTO [segments] ([id], [round_id]) VALUES (880, 535);
INSERT INTO [segments] ([id], [round_id]) VALUES (881, 649);
INSERT INTO [segments] ([id], [round_id]) VALUES (882, 607);
INSERT INTO [segments] ([id], [round_id]) VALUES (883, 119);
INSERT INTO [segments] ([id], [round_id]) VALUES (884, 87);
INSERT INTO [segments] ([id], [round_id]) VALUES (885, 1);
INSERT INTO [segments] ([id], [round_id]) VALUES (886, 625);
INSERT INTO [segments] ([id], [round_id]) VALUES (887, 8);
INSERT INTO [segments] ([id], [round_id]) VALUES (888, 246);
INSERT INTO [segments] ([id], [round_id]) VALUES (889, 183);
INSERT INTO [segments] ([id], [round_id]) VALUES (890, 571);
INSERT INTO [segments] ([id], [round_id]) VALUES (891, 275);
INSERT INTO [segments] ([id], [round_id]) VALUES (892, 448);
INSERT INTO [segments] ([id], [round_id]) VALUES (893, 364);
INSERT INTO [segments] ([id], [round_id]) VALUES (894, 12);
INSERT INTO [segments] ([id], [round_id]) VALUES (895, 704);
INSERT INTO [segments] ([id], [round_id]) VALUES (896, 584);
INSERT INTO [segments] ([id], [round_id]) VALUES (897, 579);
INSERT INTO [segments] ([id], [round_id]) VALUES (898, 206);
INSERT INTO [segments] ([id], [round_id]) VALUES (899, 331);
INSERT INTO [segments] ([id], [round_id]) VALUES (900, 530);
INSERT INTO [segments] ([id], [round_id]) VALUES (901, 253);
INSERT INTO [segments] ([id], [round_id]) VALUES (902, 658);
INSERT INTO [segments] ([id], [round_id]) VALUES (903, 466);
INSERT INTO [segments] ([id], [round_id]) VALUES (904, 265);
INSERT INTO [segments] ([id], [round_id]) VALUES (905, 596);
INSERT INTO [segments] ([id], [round_id]) VALUES (906, 123);
INSERT INTO [segments] ([id], [round_id]) VALUES (907, 613);
INSERT INTO [segments] ([id], [round_id]) VALUES (908, 533);
INSERT INTO [segments] ([id], [round_id]) VALUES (909, 385);
INSERT INTO [segments] ([id], [round_id]) VALUES (910, 370);
INSERT INTO [segments] ([id], [round_id]) VALUES (911, 530);
INSERT INTO [segments] ([id], [round_id]) VALUES (912, 674);
INSERT INTO [segments] ([id], [round_id]) VALUES (913, 529);
INSERT INTO [segments] ([id], [round_id]) VALUES (914, 494);
INSERT INTO [segments] ([id], [round_id]) VALUES (915, 206);
INSERT INTO [segments] ([id], [round_id]) VALUES (916, 675);
INSERT INTO [segments] ([id], [round_id]) VALUES (917, 527);
INSERT INTO [segments] ([id], [round_id]) VALUES (918, 287);
INSERT INTO [segments] ([id], [round_id]) VALUES (919, 709);
INSERT INTO [segments] ([id], [round_id]) VALUES (920, 20);
INSERT INTO [segments] ([id], [round_id]) VALUES (921, 421);
INSERT INTO [segments] ([id], [round_id]) VALUES (922, 654);
INSERT INTO [segments] ([id], [round_id]) VALUES (923, 420);
INSERT INTO [segments] ([id], [round_id]) VALUES (924, 468);
INSERT INTO [segments] ([id], [round_id]) VALUES (925, 606);
INSERT INTO [segments] ([id], [round_id]) VALUES (926, 483);
INSERT INTO [segments] ([id], [round_id]) VALUES (927, 46);
INSERT INTO [segments] ([id], [round_id]) VALUES (928, 106);
INSERT INTO [segments] ([id], [round_id]) VALUES (929, 273);
INSERT INTO [segments] ([id], [round_id]) VALUES (930, 638);
INSERT INTO [segments] ([id], [round_id]) VALUES (931, 310);
INSERT INTO [segments] ([id], [round_id]) VALUES (932, 231);
INSERT INTO [segments] ([id], [round_id]) VALUES (933, 103);
INSERT INTO [segments] ([id], [round_id]) VALUES (934, 293);
INSERT INTO [segments] ([id], [round_id]) VALUES (935, 565);
INSERT INTO [segments] ([id], [round_id]) VALUES (936, 695);
INSERT INTO [segments] ([id], [round_id]) VALUES (937, 431);
INSERT INTO [segments] ([id], [round_id]) VALUES (938, 295);
INSERT INTO [segments] ([id], [round_id]) VALUES (939, 633);
INSERT INTO [segments] ([id], [round_id]) VALUES (940, 343);
INSERT INTO [segments] ([id], [round_id]) VALUES (941, 363);
INSERT INTO [segments] ([id], [round_id]) VALUES (942, 347);
INSERT INTO [segments] ([id], [round_id]) VALUES (943, 617);
INSERT INTO [segments] ([id], [round_id]) VALUES (944, 380);
INSERT INTO [segments] ([id], [round_id]) VALUES (945, 620);
INSERT INTO [segments] ([id], [round_id]) VALUES (946, 256);
INSERT INTO [segments] ([id], [round_id]) VALUES (947, 446);
INSERT INTO [segments] ([id], [round_id]) VALUES (948, 209);
INSERT INTO [segments] ([id], [round_id]) VALUES (949, 62);
INSERT INTO [segments] ([id], [round_id]) VALUES (950, 323);
INSERT INTO [segments] ([id], [round_id]) VALUES (951, 656);
INSERT INTO [segments] ([id], [round_id]) VALUES (952, 461);
INSERT INTO [segments] ([id], [round_id]) VALUES (953, 561);
INSERT INTO [segments] ([id], [round_id]) VALUES (954, 2);
INSERT INTO [segments] ([id], [round_id]) VALUES (955, 197);
INSERT INTO [segments] ([id], [round_id]) VALUES (956, 332);
INSERT INTO [segments] ([id], [round_id]) VALUES (957, 258);
INSERT INTO [segments] ([id], [round_id]) VALUES (958, 623);
INSERT INTO [segments] ([id], [round_id]) VALUES (959, 372);
INSERT INTO [segments] ([id], [round_id]) VALUES (960, 520);
INSERT INTO [segments] ([id], [round_id]) VALUES (961, 696);
INSERT INTO [segments] ([id], [round_id]) VALUES (962, 245);
INSERT INTO [segments] ([id], [round_id]) VALUES (963, 388);
INSERT INTO [segments] ([id], [round_id]) VALUES (964, 634);
INSERT INTO [segments] ([id], [round_id]) VALUES (965, 422);
INSERT INTO [segments] ([id], [round_id]) VALUES (966, 673);
INSERT INTO [segments] ([id], [round_id]) VALUES (967, 18);
INSERT INTO [segments] ([id], [round_id]) VALUES (968, 79);
INSERT INTO [segments] ([id], [round_id]) VALUES (969, 114);
INSERT INTO [segments] ([id], [round_id]) VALUES (970, 546);
INSERT INTO [segments] ([id], [round_id]) VALUES (971, 44);
INSERT INTO [segments] ([id], [round_id]) VALUES (972, 199);
INSERT INTO [segments] ([id], [round_id]) VALUES (973, 30);
INSERT INTO [segments] ([id], [round_id]) VALUES (974, 441);
INSERT INTO [segments] ([id], [round_id]) VALUES (975, 553);
INSERT INTO [segments] ([id], [round_id]) VALUES (976, 279);
INSERT INTO [segments] ([id], [round_id]) VALUES (977, 700);
INSERT INTO [segments] ([id], [round_id]) VALUES (978, 44);
INSERT INTO [segments] ([id], [round_id]) VALUES (979, 164);
INSERT INTO [segments] ([id], [round_id]) VALUES (980, 544);
INSERT INTO [segments] ([id], [round_id]) VALUES (981, 369);
INSERT INTO [segments] ([id], [round_id]) VALUES (982, 651);
INSERT INTO [segments] ([id], [round_id]) VALUES (983, 43);
INSERT INTO [segments] ([id], [round_id]) VALUES (984, 172);
INSERT INTO [segments] ([id], [round_id]) VALUES (985, 33);
INSERT INTO [segments] ([id], [round_id]) VALUES (986, 152);
INSERT INTO [segments] ([id], [round_id]) VALUES (987, 526);
INSERT INTO [segments] ([id], [round_id]) VALUES (988, 178);
INSERT INTO [segments] ([id], [round_id]) VALUES (989, 92);
INSERT INTO [segments] ([id], [round_id]) VALUES (990, 24);
INSERT INTO [segments] ([id], [round_id]) VALUES (991, 253);
INSERT INTO [segments] ([id], [round_id]) VALUES (992, 610);
INSERT INTO [segments] ([id], [round_id]) VALUES (993, 505);
INSERT INTO [segments] ([id], [round_id]) VALUES (994, 272);
INSERT INTO [segments] ([id], [round_id]) VALUES (995, 414);
INSERT INTO [segments] ([id], [round_id]) VALUES (996, 149);
INSERT INTO [segments] ([id], [round_id]) VALUES (997, 249);
INSERT INTO [segments] ([id], [round_id]) VALUES (998, 89);
INSERT INTO [segments] ([id], [round_id]) VALUES (999, 556);
INSERT INTO [segments] ([id], [round_id]) VALUES (1000, 431);
INSERT INTO [segments] ([id], [round_id]) VALUES (1001, 128);
INSERT INTO [segments] ([id], [round_id]) VALUES (1002, 380);
INSERT INTO [segments] ([id], [round_id]) VALUES (1003, 566);
INSERT INTO [segments] ([id], [round_id]) VALUES (1004, 704);
INSERT INTO [segments] ([id], [round_id]) VALUES (1005, 348);
INSERT INTO [segments] ([id], [round_id]) VALUES (1006, 507);
INSERT INTO [segments] ([id], [round_id]) VALUES (1007, 225);
INSERT INTO [segments] ([id], [round_id]) VALUES (1008, 338);
INSERT INTO [segments] ([id], [round_id]) VALUES (1009, 567);
INSERT INTO [segments] ([id], [round_id]) VALUES (1010, 549);
INSERT INTO [segments] ([id], [round_id]) VALUES (1011, 169);
INSERT INTO [segments] ([id], [round_id]) VALUES (1012, 42);
INSERT INTO [segments] ([id], [round_id]) VALUES (1013, 435);
INSERT INTO [segments] ([id], [round_id]) VALUES (1014, 237);
INSERT INTO [segments] ([id], [round_id]) VALUES (1015, 495);
INSERT INTO [segments] ([id], [round_id]) VALUES (1016, 454);
INSERT INTO [segments] ([id], [round_id]) VALUES (1017, 241);
INSERT INTO [segments] ([id], [round_id]) VALUES (1018, 429);
INSERT INTO [segments] ([id], [round_id]) VALUES (1019, 145);
INSERT INTO [segments] ([id], [round_id]) VALUES (1020, 662);
INSERT INTO [segments] ([id], [round_id]) VALUES (1021, 88);
INSERT INTO [segments] ([id], [round_id]) VALUES (1022, 208);
INSERT INTO [segments] ([id], [round_id]) VALUES (1023, 690);
INSERT INTO [segments] ([id], [round_id]) VALUES (1024, 227);
INSERT INTO [segments] ([id], [round_id]) VALUES (1025, 566);
INSERT INTO [segments] ([id], [round_id]) VALUES (1026, 98);
INSERT INTO [segments] ([id], [round_id]) VALUES (1027, 414);
INSERT INTO [segments] ([id], [round_id]) VALUES (1028, 536);
INSERT INTO [segments] ([id], [round_id]) VALUES (1029, 301);
INSERT INTO [segments] ([id], [round_id]) VALUES (1030, 476);
INSERT INTO [segments] ([id], [round_id]) VALUES (1031, 397);
INSERT INTO [segments] ([id], [round_id]) VALUES (1032, 217);
INSERT INTO [segments] ([id], [round_id]) VALUES (1033, 209);
INSERT INTO [segments] ([id], [round_id]) VALUES (1034, 542);
INSERT INTO [segments] ([id], [round_id]) VALUES (1035, 227);
INSERT INTO [segments] ([id], [round_id]) VALUES (1036, 530);
INSERT INTO [segments] ([id], [round_id]) VALUES (1037, 413);
INSERT INTO [segments] ([id], [round_id]) VALUES (1038, 577);
INSERT INTO [segments] ([id], [round_id]) VALUES (1039, 555);
INSERT INTO [segments] ([id], [round_id]) VALUES (1040, 121);
INSERT INTO [segments] ([id], [round_id]) VALUES (1041, 21);
INSERT INTO [segments] ([id], [round_id]) VALUES (1042, 318);
INSERT INTO [segments] ([id], [round_id]) VALUES (1043, 5);
INSERT INTO [segments] ([id], [round_id]) VALUES (1044, 576);
INSERT INTO [segments] ([id], [round_id]) VALUES (1045, 451);
INSERT INTO [segments] ([id], [round_id]) VALUES (1046, 337);
INSERT INTO [segments] ([id], [round_id]) VALUES (1047, 31);
INSERT INTO [segments] ([id], [round_id]) VALUES (1048, 567);
INSERT INTO [segments] ([id], [round_id]) VALUES (1049, 459);
INSERT INTO [segments] ([id], [round_id]) VALUES (1050, 193);
INSERT INTO [segments] ([id], [round_id]) VALUES (1051, 281);
INSERT INTO [segments] ([id], [round_id]) VALUES (1052, 121);
INSERT INTO [segments] ([id], [round_id]) VALUES (1053, 447);
INSERT INTO [segments] ([id], [round_id]) VALUES (1054, 464);
INSERT INTO [segments] ([id], [round_id]) VALUES (1055, 483);
INSERT INTO [segments] ([id], [round_id]) VALUES (1056, 668);
INSERT INTO [segments] ([id], [round_id]) VALUES (1057, 126);
INSERT INTO [segments] ([id], [round_id]) VALUES (1058, 601);
INSERT INTO [segments] ([id], [round_id]) VALUES (1059, 519);
INSERT INTO [segments] ([id], [round_id]) VALUES (1060, 690);
INSERT INTO [segments] ([id], [round_id]) VALUES (1061, 140);
INSERT INTO [segments] ([id], [round_id]) VALUES (1062, 526);
INSERT INTO [segments] ([id], [round_id]) VALUES (1063, 16);
INSERT INTO [segments] ([id], [round_id]) VALUES (1064, 345);
INSERT INTO [segments] ([id], [round_id]) VALUES (1065, 133);
INSERT INTO [segments] ([id], [round_id]) VALUES (1066, 394);
INSERT INTO [segments] ([id], [round_id]) VALUES (1067, 328);
INSERT INTO [segments] ([id], [round_id]) VALUES (1068, 549);
INSERT INTO [segments] ([id], [round_id]) VALUES (1069, 215);
INSERT INTO [segments] ([id], [round_id]) VALUES (1070, 329);
INSERT INTO [segments] ([id], [round_id]) VALUES (1071, 184);
INSERT INTO [segments] ([id], [round_id]) VALUES (1072, 541);
INSERT INTO [segments] ([id], [round_id]) VALUES (1073, 94);
INSERT INTO [segments] ([id], [round_id]) VALUES (1074, 293);
INSERT INTO [segments] ([id], [round_id]) VALUES (1075, 703);
INSERT INTO [segments] ([id], [round_id]) VALUES (1076, 440);
INSERT INTO [segments] ([id], [round_id]) VALUES (1077, 433);
INSERT INTO [segments] ([id], [round_id]) VALUES (1078, 270);
INSERT INTO [segments] ([id], [round_id]) VALUES (1079, 500);
INSERT INTO [segments] ([id], [round_id]) VALUES (1080, 67);
INSERT INTO [segments] ([id], [round_id]) VALUES (1081, 526);
INSERT INTO [segments] ([id], [round_id]) VALUES (1082, 165);
INSERT INTO [segments] ([id], [round_id]) VALUES (1083, 455);
INSERT INTO [segments] ([id], [round_id]) VALUES (1084, 618);
INSERT INTO [segments] ([id], [round_id]) VALUES (1085, 420);
INSERT INTO [segments] ([id], [round_id]) VALUES (1086, 617);
INSERT INTO [segments] ([id], [round_id]) VALUES (1087, 224);
INSERT INTO [segments] ([id], [round_id]) VALUES (1088, 124);
INSERT INTO [segments] ([id], [round_id]) VALUES (1089, 309);
INSERT INTO [segments] ([id], [round_id]) VALUES (1090, 261);
INSERT INTO [segments] ([id], [round_id]) VALUES (1091, 378);
INSERT INTO [segments] ([id], [round_id]) VALUES (1092, 181);
INSERT INTO [segments] ([id], [round_id]) VALUES (1093, 51);
INSERT INTO [segments] ([id], [round_id]) VALUES (1094, 279);
INSERT INTO [segments] ([id], [round_id]) VALUES (1095, 2);
INSERT INTO [segments] ([id], [round_id]) VALUES (1096, 312);
INSERT INTO [segments] ([id], [round_id]) VALUES (1097, 101);
INSERT INTO [segments] ([id], [round_id]) VALUES (1098, 535);
INSERT INTO [segments] ([id], [round_id]) VALUES (1099, 499);
INSERT INTO [segments] ([id], [round_id]) VALUES (1100, 699);
INSERT INTO [segments] ([id], [round_id]) VALUES (1101, 83);
INSERT INTO [segments] ([id], [round_id]) VALUES (1102, 102);
INSERT INTO [segments] ([id], [round_id]) VALUES (1103, 63);
INSERT INTO [segments] ([id], [round_id]) VALUES (1104, 244);
INSERT INTO [segments] ([id], [round_id]) VALUES (1105, 316);
INSERT INTO [segments] ([id], [round_id]) VALUES (1106, 86);
INSERT INTO [segments] ([id], [round_id]) VALUES (1107, 176);
INSERT INTO [segments] ([id], [round_id]) VALUES (1108, 228);
INSERT INTO [segments] ([id], [round_id]) VALUES (1109, 176);
INSERT INTO [segments] ([id], [round_id]) VALUES (1110, 635);
INSERT INTO [segments] ([id], [round_id]) VALUES (1111, 237);
INSERT INTO [segments] ([id], [round_id]) VALUES (1112, 594);
INSERT INTO [segments] ([id], [round_id]) VALUES (1113, 66);
INSERT INTO [segments] ([id], [round_id]) VALUES (1114, 547);
INSERT INTO [segments] ([id], [round_id]) VALUES (1115, 201);
INSERT INTO [segments] ([id], [round_id]) VALUES (1116, 569);
INSERT INTO [segments] ([id], [round_id]) VALUES (1117, 310);
INSERT INTO [segments] ([id], [round_id]) VALUES (1118, 681);
INSERT INTO [segments] ([id], [round_id]) VALUES (1119, 47);
INSERT INTO [segments] ([id], [round_id]) VALUES (1120, 48);
INSERT INTO [segments] ([id], [round_id]) VALUES (1121, 404);
INSERT INTO [segments] ([id], [round_id]) VALUES (1122, 336);
INSERT INTO [segments] ([id], [round_id]) VALUES (1123, 607);
INSERT INTO [segments] ([id], [round_id]) VALUES (1124, 16);
INSERT INTO [segments] ([id], [round_id]) VALUES (1125, 643);
INSERT INTO [segments] ([id], [round_id]) VALUES (1126, 487);
INSERT INTO [segments] ([id], [round_id]) VALUES (1127, 368);
INSERT INTO [segments] ([id], [round_id]) VALUES (1128, 62);
INSERT INTO [segments] ([id], [round_id]) VALUES (1129, 259);
INSERT INTO [segments] ([id], [round_id]) VALUES (1130, 280);
INSERT INTO [segments] ([id], [round_id]) VALUES (1131, 87);
INSERT INTO [segments] ([id], [round_id]) VALUES (1132, 354);
INSERT INTO [segments] ([id], [round_id]) VALUES (1133, 535);
INSERT INTO [segments] ([id], [round_id]) VALUES (1134, 218);
INSERT INTO [segments] ([id], [round_id]) VALUES (1135, 645);
INSERT INTO [segments] ([id], [round_id]) VALUES (1136, 614);
INSERT INTO [segments] ([id], [round_id]) VALUES (1137, 320);
INSERT INTO [segments] ([id], [round_id]) VALUES (1138, 635);
INSERT INTO [segments] ([id], [round_id]) VALUES (1139, 59);
INSERT INTO [segments] ([id], [round_id]) VALUES (1140, 239);
INSERT INTO [segments] ([id], [round_id]) VALUES (1141, 75);
INSERT INTO [segments] ([id], [round_id]) VALUES (1142, 431);
INSERT INTO [segments] ([id], [round_id]) VALUES (1143, 111);
INSERT INTO [segments] ([id], [round_id]) VALUES (1144, 322);
INSERT INTO [segments] ([id], [round_id]) VALUES (1145, 116);
INSERT INTO [segments] ([id], [round_id]) VALUES (1146, 683);
INSERT INTO [segments] ([id], [round_id]) VALUES (1147, 187);
INSERT INTO [segments] ([id], [round_id]) VALUES (1148, 162);
INSERT INTO [segments] ([id], [round_id]) VALUES (1149, 460);
INSERT INTO [segments] ([id], [round_id]) VALUES (1150, 480);
INSERT INTO [segments] ([id], [round_id]) VALUES (1151, 394);
INSERT INTO [segments] ([id], [round_id]) VALUES (1152, 633);
INSERT INTO [segments] ([id], [round_id]) VALUES (1153, 547);
INSERT INTO [segments] ([id], [round_id]) VALUES (1154, 457);
INSERT INTO [segments] ([id], [round_id]) VALUES (1155, 41);
INSERT INTO [segments] ([id], [round_id]) VALUES (1156, 610);
INSERT INTO [segments] ([id], [round_id]) VALUES (1157, 30);
INSERT INTO [segments] ([id], [round_id]) VALUES (1158, 486);
INSERT INTO [segments] ([id], [round_id]) VALUES (1159, 436);
INSERT INTO [segments] ([id], [round_id]) VALUES (1160, 218);
INSERT INTO [segments] ([id], [round_id]) VALUES (1161, 200);
INSERT INTO [segments] ([id], [round_id]) VALUES (1162, 698);
INSERT INTO [segments] ([id], [round_id]) VALUES (1163, 168);
INSERT INTO [segments] ([id], [round_id]) VALUES (1164, 567);
INSERT INTO [segments] ([id], [round_id]) VALUES (1165, 345);
INSERT INTO [segments] ([id], [round_id]) VALUES (1166, 18);
INSERT INTO [segments] ([id], [round_id]) VALUES (1167, 572);
INSERT INTO [segments] ([id], [round_id]) VALUES (1168, 595);
INSERT INTO [segments] ([id], [round_id]) VALUES (1169, 273);
INSERT INTO [segments] ([id], [round_id]) VALUES (1170, 160);
INSERT INTO [segments] ([id], [round_id]) VALUES (1171, 552);
INSERT INTO [segments] ([id], [round_id]) VALUES (1172, 518);
INSERT INTO [segments] ([id], [round_id]) VALUES (1173, 700);
INSERT INTO [segments] ([id], [round_id]) VALUES (1174, 127);
INSERT INTO [segments] ([id], [round_id]) VALUES (1175, 411);
INSERT INTO [segments] ([id], [round_id]) VALUES (1176, 617);
INSERT INTO [segments] ([id], [round_id]) VALUES (1177, 271);
INSERT INTO [segments] ([id], [round_id]) VALUES (1178, 250);
INSERT INTO [segments] ([id], [round_id]) VALUES (1179, 72);
INSERT INTO [segments] ([id], [round_id]) VALUES (1180, 246);
INSERT INTO [segments] ([id], [round_id]) VALUES (1181, 431);
INSERT INTO [segments] ([id], [round_id]) VALUES (1182, 161);
INSERT INTO [segments] ([id], [round_id]) VALUES (1183, 604);
INSERT INTO [segments] ([id], [round_id]) VALUES (1184, 221);
INSERT INTO [segments] ([id], [round_id]) VALUES (1185, 638);
INSERT INTO [segments] ([id], [round_id]) VALUES (1186, 432);
INSERT INTO [segments] ([id], [round_id]) VALUES (1187, 171);
INSERT INTO [segments] ([id], [round_id]) VALUES (1188, 39);
INSERT INTO [segments] ([id], [round_id]) VALUES (1189, 649);
INSERT INTO [segments] ([id], [round_id]) VALUES (1190, 244);
INSERT INTO [segments] ([id], [round_id]) VALUES (1191, 71);
INSERT INTO [segments] ([id], [round_id]) VALUES (1192, 654);
INSERT INTO [segments] ([id], [round_id]) VALUES (1193, 3);
INSERT INTO [segments] ([id], [round_id]) VALUES (1194, 39);
INSERT INTO [segments] ([id], [round_id]) VALUES (1195, 608);
INSERT INTO [segments] ([id], [round_id]) VALUES (1196, 110);
INSERT INTO [segments] ([id], [round_id]) VALUES (1197, 692);
INSERT INTO [segments] ([id], [round_id]) VALUES (1198, 622);
INSERT INTO [segments] ([id], [round_id]) VALUES (1199, 406);
INSERT INTO [segments] ([id], [round_id]) VALUES (1200, 154);
INSERT INTO [segments] ([id], [round_id]) VALUES (1201, 579);
INSERT INTO [segments] ([id], [round_id]) VALUES (1202, 269);
INSERT INTO [segments] ([id], [round_id]) VALUES (1203, 305);
INSERT INTO [segments] ([id], [round_id]) VALUES (1204, 28);
INSERT INTO [segments] ([id], [round_id]) VALUES (1205, 623);
INSERT INTO [segments] ([id], [round_id]) VALUES (1206, 259);
INSERT INTO [segments] ([id], [round_id]) VALUES (1207, 142);
INSERT INTO [segments] ([id], [round_id]) VALUES (1208, 682);
INSERT INTO [segments] ([id], [round_id]) VALUES (1209, 328);
INSERT INTO [segments] ([id], [round_id]) VALUES (1210, 144);
INSERT INTO [segments] ([id], [round_id]) VALUES (1211, 578);
INSERT INTO [segments] ([id], [round_id]) VALUES (1212, 396);
INSERT INTO [segments] ([id], [round_id]) VALUES (1213, 414);
INSERT INTO [segments] ([id], [round_id]) VALUES (1214, 354);
INSERT INTO [segments] ([id], [round_id]) VALUES (1215, 287);
INSERT INTO [segments] ([id], [round_id]) VALUES (1216, 402);
INSERT INTO [segments] ([id], [round_id]) VALUES (1217, 322);
INSERT INTO [segments] ([id], [round_id]) VALUES (1218, 26);
INSERT INTO [segments] ([id], [round_id]) VALUES (1219, 479);
INSERT INTO [segments] ([id], [round_id]) VALUES (1220, 568);
INSERT INTO [segments] ([id], [round_id]) VALUES (1221, 656);
INSERT INTO [segments] ([id], [round_id]) VALUES (1222, 196);
INSERT INTO [segments] ([id], [round_id]) VALUES (1223, 267);
INSERT INTO [segments] ([id], [round_id]) VALUES (1224, 519);
INSERT INTO [segments] ([id], [round_id]) VALUES (1225, 544);
INSERT INTO [segments] ([id], [round_id]) VALUES (1226, 607);
INSERT INTO [segments] ([id], [round_id]) VALUES (1227, 395);
INSERT INTO [segments] ([id], [round_id]) VALUES (1228, 222);
INSERT INTO [segments] ([id], [round_id]) VALUES (1229, 183);
INSERT INTO [segments] ([id], [round_id]) VALUES (1230, 520);
INSERT INTO [segments] ([id], [round_id]) VALUES (1231, 539);
INSERT INTO [segments] ([id], [round_id]) VALUES (1232, 407);
INSERT INTO [segments] ([id], [round_id]) VALUES (1233, 406);
INSERT INTO [segments] ([id], [round_id]) VALUES (1234, 287);
INSERT INTO [segments] ([id], [round_id]) VALUES (1235, 539);
INSERT INTO [segments] ([id], [round_id]) VALUES (1236, 296);
INSERT INTO [segments] ([id], [round_id]) VALUES (1237, 296);
INSERT INTO [segments] ([id], [round_id]) VALUES (1238, 398);
INSERT INTO [segments] ([id], [round_id]) VALUES (1239, 191);
INSERT INTO [segments] ([id], [round_id]) VALUES (1240, 46);
INSERT INTO [segments] ([id], [round_id]) VALUES (1241, 332);
INSERT INTO [segments] ([id], [round_id]) VALUES (1242, 390);
INSERT INTO [segments] ([id], [round_id]) VALUES (1243, 533);
INSERT INTO [segments] ([id], [round_id]) VALUES (1244, 73);
INSERT INTO [segments] ([id], [round_id]) VALUES (1245, 647);
INSERT INTO [segments] ([id], [round_id]) VALUES (1246, 669);
INSERT INTO [segments] ([id], [round_id]) VALUES (1247, 700);
INSERT INTO [segments] ([id], [round_id]) VALUES (1248, 202);
INSERT INTO [segments] ([id], [round_id]) VALUES (1249, 42);
INSERT INTO [segments] ([id], [round_id]) VALUES (1250, 118);
INSERT INTO [segments] ([id], [round_id]) VALUES (1251, 681);
INSERT INTO [segments] ([id], [round_id]) VALUES (1252, 710);
INSERT INTO [segments] ([id], [round_id]) VALUES (1253, 646);
INSERT INTO [segments] ([id], [round_id]) VALUES (1254, 692);
INSERT INTO [segments] ([id], [round_id]) VALUES (1255, 349);
INSERT INTO [segments] ([id], [round_id]) VALUES (1256, 286);
INSERT INTO [segments] ([id], [round_id]) VALUES (1257, 264);
INSERT INTO [segments] ([id], [round_id]) VALUES (1258, 274);
INSERT INTO [segments] ([id], [round_id]) VALUES (1259, 705);
INSERT INTO [segments] ([id], [round_id]) VALUES (1260, 13);
INSERT INTO [segments] ([id], [round_id]) VALUES (1261, 90);
INSERT INTO [segments] ([id], [round_id]) VALUES (1262, 470);
INSERT INTO [segments] ([id], [round_id]) VALUES (1263, 677);
INSERT INTO [segments] ([id], [round_id]) VALUES (1264, 405);
INSERT INTO [segments] ([id], [round_id]) VALUES (1265, 454);
INSERT INTO [segments] ([id], [round_id]) VALUES (1266, 23);
INSERT INTO [segments] ([id], [round_id]) VALUES (1267, 645);
INSERT INTO [segments] ([id], [round_id]) VALUES (1268, 284);
INSERT INTO [segments] ([id], [round_id]) VALUES (1269, 2);
INSERT INTO [segments] ([id], [round_id]) VALUES (1270, 19);
INSERT INTO [segments] ([id], [round_id]) VALUES (1271, 349);
INSERT INTO [segments] ([id], [round_id]) VALUES (1272, 642);
INSERT INTO [segments] ([id], [round_id]) VALUES (1273, 133);
INSERT INTO [segments] ([id], [round_id]) VALUES (1274, 152);
INSERT INTO [segments] ([id], [round_id]) VALUES (1275, 278);
INSERT INTO [segments] ([id], [round_id]) VALUES (1276, 324);
INSERT INTO [segments] ([id], [round_id]) VALUES (1277, 660);
INSERT INTO [segments] ([id], [round_id]) VALUES (1278, 609);
INSERT INTO [segments] ([id], [round_id]) VALUES (1279, 685);
INSERT INTO [segments] ([id], [round_id]) VALUES (1280, 602);
INSERT INTO [segments] ([id], [round_id]) VALUES (1281, 341);
INSERT INTO [segments] ([id], [round_id]) VALUES (1282, 325);
INSERT INTO [segments] ([id], [round_id]) VALUES (1283, 504);
INSERT INTO [segments] ([id], [round_id]) VALUES (1284, 453);
INSERT INTO [segments] ([id], [round_id]) VALUES (1285, 339);
INSERT INTO [segments] ([id], [round_id]) VALUES (1286, 49);
INSERT INTO [segments] ([id], [round_id]) VALUES (1287, 643);
INSERT INTO [segments] ([id], [round_id]) VALUES (1288, 48);
INSERT INTO [segments] ([id], [round_id]) VALUES (1289, 140);
INSERT INTO [segments] ([id], [round_id]) VALUES (1290, 369);
INSERT INTO [segments] ([id], [round_id]) VALUES (1291, 342);
INSERT INTO [segments] ([id], [round_id]) VALUES (1292, 594);
INSERT INTO [segments] ([id], [round_id]) VALUES (1293, 131);
INSERT INTO [segments] ([id], [round_id]) VALUES (1294, 147);
INSERT INTO [segments] ([id], [round_id]) VALUES (1295, 363);
INSERT INTO [segments] ([id], [round_id]) VALUES (1296, 110);
INSERT INTO [segments] ([id], [round_id]) VALUES (1297, 81);
INSERT INTO [segments] ([id], [round_id]) VALUES (1298, 703);
INSERT INTO [segments] ([id], [round_id]) VALUES (1299, 71);
INSERT INTO [segments] ([id], [round_id]) VALUES (1300, 706);
INSERT INTO [segments] ([id], [round_id]) VALUES (1301, 642);
INSERT INTO [segments] ([id], [round_id]) VALUES (1302, 447);
INSERT INTO [segments] ([id], [round_id]) VALUES (1303, 517);
INSERT INTO [segments] ([id], [round_id]) VALUES (1304, 342);
INSERT INTO [segments] ([id], [round_id]) VALUES (1305, 502);
INSERT INTO [segments] ([id], [round_id]) VALUES (1306, 166);
INSERT INTO [segments] ([id], [round_id]) VALUES (1307, 709);
INSERT INTO [segments] ([id], [round_id]) VALUES (1308, 688);
INSERT INTO [segments] ([id], [round_id]) VALUES (1309, 444);
INSERT INTO [segments] ([id], [round_id]) VALUES (1310, 631);
INSERT INTO [segments] ([id], [round_id]) VALUES (1311, 348);
INSERT INTO [segments] ([id], [round_id]) VALUES (1312, 185);
INSERT INTO [segments] ([id], [round_id]) VALUES (1313, 365);
INSERT INTO [segments] ([id], [round_id]) VALUES (1314, 233);
INSERT INTO [segments] ([id], [round_id]) VALUES (1315, 44);
INSERT INTO [segments] ([id], [round_id]) VALUES (1316, 352);
INSERT INTO [segments] ([id], [round_id]) VALUES (1317, 40);
INSERT INTO [segments] ([id], [round_id]) VALUES (1318, 118);
INSERT INTO [segments] ([id], [round_id]) VALUES (1319, 33);
INSERT INTO [segments] ([id], [round_id]) VALUES (1320, 283);
INSERT INTO [segments] ([id], [round_id]) VALUES (1321, 553);
INSERT INTO [segments] ([id], [round_id]) VALUES (1322, 54);
INSERT INTO [segments] ([id], [round_id]) VALUES (1323, 11);
INSERT INTO [segments] ([id], [round_id]) VALUES (1324, 144);
INSERT INTO [segments] ([id], [round_id]) VALUES (1325, 94);
INSERT INTO [segments] ([id], [round_id]) VALUES (1326, 228);
INSERT INTO [segments] ([id], [round_id]) VALUES (1327, 7);
INSERT INTO [segments] ([id], [round_id]) VALUES (1328, 659);
INSERT INTO [segments] ([id], [round_id]) VALUES (1329, 590);
INSERT INTO [segments] ([id], [round_id]) VALUES (1330, 680);
INSERT INTO [segments] ([id], [round_id]) VALUES (1331, 663);
INSERT INTO [segments] ([id], [round_id]) VALUES (1332, 372);
INSERT INTO [segments] ([id], [round_id]) VALUES (1333, 464);
INSERT INTO [segments] ([id], [round_id]) VALUES (1334, 28);
INSERT INTO [segments] ([id], [round_id]) VALUES (1335, 513);
INSERT INTO [segments] ([id], [round_id]) VALUES (1336, 387);
INSERT INTO [segments] ([id], [round_id]) VALUES (1337, 102);
INSERT INTO [segments] ([id], [round_id]) VALUES (1338, 434);
INSERT INTO [segments] ([id], [round_id]) VALUES (1339, 66);
INSERT INTO [segments] ([id], [round_id]) VALUES (1340, 137);
INSERT INTO [segments] ([id], [round_id]) VALUES (1341, 100);
INSERT INTO [segments] ([id], [round_id]) VALUES (1342, 318);
INSERT INTO [segments] ([id], [round_id]) VALUES (1343, 411);
INSERT INTO [segments] ([id], [round_id]) VALUES (1344, 29);
INSERT INTO [segments] ([id], [round_id]) VALUES (1345, 65);
INSERT INTO [segments] ([id], [round_id]) VALUES (1346, 353);
INSERT INTO [segments] ([id], [round_id]) VALUES (1347, 79);
INSERT INTO [segments] ([id], [round_id]) VALUES (1348, 28);
INSERT INTO [segments] ([id], [round_id]) VALUES (1349, 643);
INSERT INTO [segments] ([id], [round_id]) VALUES (1350, 501);
INSERT INTO [segments] ([id], [round_id]) VALUES (1351, 537);
INSERT INTO [segments] ([id], [round_id]) VALUES (1352, 411);
INSERT INTO [segments] ([id], [round_id]) VALUES (1353, 695);
INSERT INTO [segments] ([id], [round_id]) VALUES (1354, 573);
INSERT INTO [segments] ([id], [round_id]) VALUES (1355, 25);
INSERT INTO [segments] ([id], [round_id]) VALUES (1356, 51);
INSERT INTO [segments] ([id], [round_id]) VALUES (1357, 354);
INSERT INTO [segments] ([id], [round_id]) VALUES (1358, 178);
INSERT INTO [segments] ([id], [round_id]) VALUES (1359, 209);
INSERT INTO [segments] ([id], [round_id]) VALUES (1360, 430);
INSERT INTO [segments] ([id], [round_id]) VALUES (1361, 707);
INSERT INTO [segments] ([id], [round_id]) VALUES (1362, 66);
INSERT INTO [segments] ([id], [round_id]) VALUES (1363, 615);
INSERT INTO [segments] ([id], [round_id]) VALUES (1364, 416);
INSERT INTO [segments] ([id], [round_id]) VALUES (1365, 682);
INSERT INTO [segments] ([id], [round_id]) VALUES (1366, 300);
INSERT INTO [segments] ([id], [round_id]) VALUES (1367, 346);
INSERT INTO [segments] ([id], [round_id]) VALUES (1368, 323);
INSERT INTO [segments] ([id], [round_id]) VALUES (1369, 364);
INSERT INTO [segments] ([id], [round_id]) VALUES (1370, 322);
INSERT INTO [segments] ([id], [round_id]) VALUES (1371, 187);
INSERT INTO [segments] ([id], [round_id]) VALUES (1372, 517);
INSERT INTO [segments] ([id], [round_id]) VALUES (1373, 418);
INSERT INTO [segments] ([id], [round_id]) VALUES (1374, 308);
INSERT INTO [segments] ([id], [round_id]) VALUES (1375, 109);
INSERT INTO [segments] ([id], [round_id]) VALUES (1376, 260);
INSERT INTO [segments] ([id], [round_id]) VALUES (1377, 183);
INSERT INTO [segments] ([id], [round_id]) VALUES (1378, 628);
INSERT INTO [segments] ([id], [round_id]) VALUES (1379, 376);
INSERT INTO [segments] ([id], [round_id]) VALUES (1380, 29);
INSERT INTO [segments] ([id], [round_id]) VALUES (1381, 99);
INSERT INTO [segments] ([id], [round_id]) VALUES (1382, 619);
INSERT INTO [segments] ([id], [round_id]) VALUES (1383, 161);
INSERT INTO [segments] ([id], [round_id]) VALUES (1384, 361);
INSERT INTO [segments] ([id], [round_id]) VALUES (1385, 146);
INSERT INTO [segments] ([id], [round_id]) VALUES (1386, 705);
INSERT INTO [segments] ([id], [round_id]) VALUES (1387, 43);
INSERT INTO [segments] ([id], [round_id]) VALUES (1388, 136);
INSERT INTO [segments] ([id], [round_id]) VALUES (1389, 487);
INSERT INTO [segments] ([id], [round_id]) VALUES (1390, 379);
INSERT INTO [segments] ([id], [round_id]) VALUES (1391, 224);
INSERT INTO [segments] ([id], [round_id]) VALUES (1392, 405);
INSERT INTO [segments] ([id], [round_id]) VALUES (1393, 704);
INSERT INTO [segments] ([id], [round_id]) VALUES (1394, 585);
INSERT INTO [segments] ([id], [round_id]) VALUES (1395, 538);
INSERT INTO [segments] ([id], [round_id]) VALUES (1396, 57);
INSERT INTO [segments] ([id], [round_id]) VALUES (1397, 482);
INSERT INTO [segments] ([id], [round_id]) VALUES (1398, 386);
INSERT INTO [segments] ([id], [round_id]) VALUES (1399, 706);
INSERT INTO [segments] ([id], [round_id]) VALUES (1400, 146);
INSERT INTO [segments] ([id], [round_id]) VALUES (1401, 502);
INSERT INTO [segments] ([id], [round_id]) VALUES (1402, 207);
INSERT INTO [segments] ([id], [round_id]) VALUES (1403, 245);
INSERT INTO [segments] ([id], [round_id]) VALUES (1404, 415);
INSERT INTO [segments] ([id], [round_id]) VALUES (1405, 674);
INSERT INTO [segments] ([id], [round_id]) VALUES (1406, 617);
INSERT INTO [segments] ([id], [round_id]) VALUES (1407, 254);
INSERT INTO [segments] ([id], [round_id]) VALUES (1408, 437);
INSERT INTO [segments] ([id], [round_id]) VALUES (1409, 201);
INSERT INTO [segments] ([id], [round_id]) VALUES (1410, 616);
INSERT INTO [segments] ([id], [round_id]) VALUES (1411, 571);
INSERT INTO [segments] ([id], [round_id]) VALUES (1412, 700);
INSERT INTO [segments] ([id], [round_id]) VALUES (1413, 667);
INSERT INTO [segments] ([id], [round_id]) VALUES (1414, 142);
INSERT INTO [segments] ([id], [round_id]) VALUES (1415, 328);
INSERT INTO [segments] ([id], [round_id]) VALUES (1416, 132);
INSERT INTO [segments] ([id], [round_id]) VALUES (1417, 577);
INSERT INTO [segments] ([id], [round_id]) VALUES (1418, 486);
INSERT INTO [segments] ([id], [round_id]) VALUES (1419, 108);
INSERT INTO [segments] ([id], [round_id]) VALUES (1420, 506);
INSERT INTO [segments] ([id], [round_id]) VALUES (1421, 77);
INSERT INTO [segments] ([id], [round_id]) VALUES (1422, 2);
INSERT INTO [segments] ([id], [round_id]) VALUES (1423, 567);
INSERT INTO [segments] ([id], [round_id]) VALUES (1424, 223);
INSERT INTO [segments] ([id], [round_id]) VALUES (1425, 314);
INSERT INTO [segments] ([id], [round_id]) VALUES (1426, 386);
INSERT INTO [segments] ([id], [round_id]) VALUES (1427, 88);
INSERT INTO [segments] ([id], [round_id]) VALUES (1428, 687);
INSERT INTO [segments] ([id], [round_id]) VALUES (1429, 304);
INSERT INTO [segments] ([id], [round_id]) VALUES (1430, 262);
INSERT INTO [segments] ([id], [round_id]) VALUES (1431, 516);
INSERT INTO [segments] ([id], [round_id]) VALUES (1432, 695);
INSERT INTO [segments] ([id], [round_id]) VALUES (1433, 214);
INSERT INTO [segments] ([id], [round_id]) VALUES (1434, 339);
INSERT INTO [segments] ([id], [round_id]) VALUES (1435, 505);
INSERT INTO [segments] ([id], [round_id]) VALUES (1436, 10);
INSERT INTO [segments] ([id], [round_id]) VALUES (1437, 424);
INSERT INTO [segments] ([id], [round_id]) VALUES (1438, 508);
INSERT INTO [segments] ([id], [round_id]) VALUES (1439, 85);
INSERT INTO [segments] ([id], [round_id]) VALUES (1440, 57);
INSERT INTO [segments] ([id], [round_id]) VALUES (1441, 329);
INSERT INTO [segments] ([id], [round_id]) VALUES (1442, 63);
INSERT INTO [segments] ([id], [round_id]) VALUES (1443, 105);
INSERT INTO [segments] ([id], [round_id]) VALUES (1444, 56);
INSERT INTO [segments] ([id], [round_id]) VALUES (1445, 105);
INSERT INTO [segments] ([id], [round_id]) VALUES (1446, 114);
INSERT INTO [segments] ([id], [round_id]) VALUES (1447, 33);
INSERT INTO [segments] ([id], [round_id]) VALUES (1448, 22);
INSERT INTO [segments] ([id], [round_id]) VALUES (1449, 249);
INSERT INTO [segments] ([id], [round_id]) VALUES (1450, 48);
INSERT INTO [segments] ([id], [round_id]) VALUES (1451, 386);
INSERT INTO [segments] ([id], [round_id]) VALUES (1452, 702);
INSERT INTO [segments] ([id], [round_id]) VALUES (1453, 397);
INSERT INTO [segments] ([id], [round_id]) VALUES (1454, 332);
INSERT INTO [segments] ([id], [round_id]) VALUES (1455, 647);
INSERT INTO [segments] ([id], [round_id]) VALUES (1456, 86);
INSERT INTO [segments] ([id], [round_id]) VALUES (1457, 31);
INSERT INTO [segments] ([id], [round_id]) VALUES (1458, 529);
INSERT INTO [segments] ([id], [round_id]) VALUES (1459, 639);
INSERT INTO [segments] ([id], [round_id]) VALUES (1460, 592);
INSERT INTO [segments] ([id], [round_id]) VALUES (1461, 596);
INSERT INTO [segments] ([id], [round_id]) VALUES (1462, 682);
INSERT INTO [segments] ([id], [round_id]) VALUES (1463, 252);
INSERT INTO [segments] ([id], [round_id]) VALUES (1464, 615);
INSERT INTO [segments] ([id], [round_id]) VALUES (1465, 221);
INSERT INTO [segments] ([id], [round_id]) VALUES (1466, 510);
INSERT INTO [segments] ([id], [round_id]) VALUES (1467, 606);
INSERT INTO [segments] ([id], [round_id]) VALUES (1468, 557);
INSERT INTO [segments] ([id], [round_id]) VALUES (1469, 65);
INSERT INTO [segments] ([id], [round_id]) VALUES (1470, 347);
INSERT INTO [segments] ([id], [round_id]) VALUES (1471, 245);
INSERT INTO [segments] ([id], [round_id]) VALUES (1472, 308);
INSERT INTO [segments] ([id], [round_id]) VALUES (1473, 421);
INSERT INTO [segments] ([id], [round_id]) VALUES (1474, 104);
INSERT INTO [segments] ([id], [round_id]) VALUES (1475, 188);
INSERT INTO [segments] ([id], [round_id]) VALUES (1476, 688);
INSERT INTO [segments] ([id], [round_id]) VALUES (1477, 419);
INSERT INTO [segments] ([id], [round_id]) VALUES (1478, 173);
INSERT INTO [segments] ([id], [round_id]) VALUES (1479, 633);
INSERT INTO [segments] ([id], [round_id]) VALUES (1480, 480);
INSERT INTO [segments] ([id], [round_id]) VALUES (1481, 181);
INSERT INTO [segments] ([id], [round_id]) VALUES (1482, 353);
INSERT INTO [segments] ([id], [round_id]) VALUES (1483, 128);
INSERT INTO [segments] ([id], [round_id]) VALUES (1484, 345);
INSERT INTO [segments] ([id], [round_id]) VALUES (1485, 691);
INSERT INTO [segments] ([id], [round_id]) VALUES (1486, 344);
INSERT INTO [segments] ([id], [round_id]) VALUES (1487, 11);
INSERT INTO [segments] ([id], [round_id]) VALUES (1488, 65);
INSERT INTO [segments] ([id], [round_id]) VALUES (1489, 407);
INSERT INTO [segments] ([id], [round_id]) VALUES (1490, 682);
INSERT INTO [segments] ([id], [round_id]) VALUES (1491, 257);
INSERT INTO [segments] ([id], [round_id]) VALUES (1492, 102);
INSERT INTO [segments] ([id], [round_id]) VALUES (1493, 23);
INSERT INTO [segments] ([id], [round_id]) VALUES (1494, 459);
INSERT INTO [segments] ([id], [round_id]) VALUES (1495, 259);
INSERT INTO [segments] ([id], [round_id]) VALUES (1496, 606);
INSERT INTO [segments] ([id], [round_id]) VALUES (1497, 312);
INSERT INTO [segments] ([id], [round_id]) VALUES (1498, 295);
INSERT INTO [segments] ([id], [round_id]) VALUES (1499, 350);
INSERT INTO [segments] ([id], [round_id]) VALUES (1500, 254);
INSERT INTO [segments] ([id], [round_id]) VALUES (1501, 219);
INSERT INTO [segments] ([id], [round_id]) VALUES (1502, 641);
INSERT INTO [segments] ([id], [round_id]) VALUES (1503, 533);
INSERT INTO [segments] ([id], [round_id]) VALUES (1504, 61);
INSERT INTO [segments] ([id], [round_id]) VALUES (1505, 285);
INSERT INTO [segments] ([id], [round_id]) VALUES (1506, 6);
INSERT INTO [segments] ([id], [round_id]) VALUES (1507, 142);
INSERT INTO [segments] ([id], [round_id]) VALUES (1508, 573);
INSERT INTO [segments] ([id], [round_id]) VALUES (1509, 257);
INSERT INTO [segments] ([id], [round_id]) VALUES (1510, 260);
INSERT INTO [segments] ([id], [round_id]) VALUES (1511, 481);
INSERT INTO [segments] ([id], [round_id]) VALUES (1512, 493);
INSERT INTO [segments] ([id], [round_id]) VALUES (1513, 290);
INSERT INTO [segments] ([id], [round_id]) VALUES (1514, 472);
INSERT INTO [segments] ([id], [round_id]) VALUES (1515, 596);
INSERT INTO [segments] ([id], [round_id]) VALUES (1516, 184);
INSERT INTO [segments] ([id], [round_id]) VALUES (1517, 696);
INSERT INTO [segments] ([id], [round_id]) VALUES (1518, 124);
INSERT INTO [segments] ([id], [round_id]) VALUES (1519, 650);
INSERT INTO [segments] ([id], [round_id]) VALUES (1520, 641);
INSERT INTO [segments] ([id], [round_id]) VALUES (1521, 278);
INSERT INTO [segments] ([id], [round_id]) VALUES (1522, 145);
INSERT INTO [segments] ([id], [round_id]) VALUES (1523, 547);
INSERT INTO [segments] ([id], [round_id]) VALUES (1524, 42);
INSERT INTO [segments] ([id], [round_id]) VALUES (1525, 349);
INSERT INTO [segments] ([id], [round_id]) VALUES (1526, 550);
INSERT INTO [segments] ([id], [round_id]) VALUES (1527, 350);
INSERT INTO [segments] ([id], [round_id]) VALUES (1528, 68);
INSERT INTO [segments] ([id], [round_id]) VALUES (1529, 364);
INSERT INTO [segments] ([id], [round_id]) VALUES (1530, 8);
INSERT INTO [segments] ([id], [round_id]) VALUES (1531, 319);
INSERT INTO [segments] ([id], [round_id]) VALUES (1532, 451);
INSERT INTO [segments] ([id], [round_id]) VALUES (1533, 382);
INSERT INTO [segments] ([id], [round_id]) VALUES (1534, 49);
INSERT INTO [segments] ([id], [round_id]) VALUES (1535, 490);
INSERT INTO [segments] ([id], [round_id]) VALUES (1536, 344);
INSERT INTO [segments] ([id], [round_id]) VALUES (1537, 145);
INSERT INTO [segments] ([id], [round_id]) VALUES (1538, 35);
INSERT INTO [segments] ([id], [round_id]) VALUES (1539, 579);
INSERT INTO [segments] ([id], [round_id]) VALUES (1540, 381);
INSERT INTO [segments] ([id], [round_id]) VALUES (1541, 371);
INSERT INTO [segments] ([id], [round_id]) VALUES (1542, 220);
INSERT INTO [segments] ([id], [round_id]) VALUES (1543, 591);
INSERT INTO [segments] ([id], [round_id]) VALUES (1544, 173);
INSERT INTO [segments] ([id], [round_id]) VALUES (1545, 233);
INSERT INTO [segments] ([id], [round_id]) VALUES (1546, 156);
INSERT INTO [segments] ([id], [round_id]) VALUES (1547, 681);
INSERT INTO [segments] ([id], [round_id]) VALUES (1548, 264);
INSERT INTO [segments] ([id], [round_id]) VALUES (1549, 436);
INSERT INTO [segments] ([id], [round_id]) VALUES (1550, 255);
INSERT INTO [segments] ([id], [round_id]) VALUES (1551, 565);
INSERT INTO [segments] ([id], [round_id]) VALUES (1552, 589);
INSERT INTO [segments] ([id], [round_id]) VALUES (1553, 154);
INSERT INTO [segments] ([id], [round_id]) VALUES (1554, 650);
INSERT INTO [segments] ([id], [round_id]) VALUES (1555, 168);
INSERT INTO [segments] ([id], [round_id]) VALUES (1556, 697);
INSERT INTO [segments] ([id], [round_id]) VALUES (1557, 136);
INSERT INTO [segments] ([id], [round_id]) VALUES (1558, 640);
INSERT INTO [segments] ([id], [round_id]) VALUES (1559, 461);
INSERT INTO [segments] ([id], [round_id]) VALUES (1560, 585);
INSERT INTO [segments] ([id], [round_id]) VALUES (1561, 120);
INSERT INTO [segments] ([id], [round_id]) VALUES (1562, 325);
INSERT INTO [segments] ([id], [round_id]) VALUES (1563, 539);
INSERT INTO [segments] ([id], [round_id]) VALUES (1564, 413);
INSERT INTO [segments] ([id], [round_id]) VALUES (1565, 265);
INSERT INTO [segments] ([id], [round_id]) VALUES (1566, 3);
INSERT INTO [segments] ([id], [round_id]) VALUES (1567, 515);
INSERT INTO [segments] ([id], [round_id]) VALUES (1568, 61);
INSERT INTO [segments] ([id], [round_id]) VALUES (1569, 373);
INSERT INTO [segments] ([id], [round_id]) VALUES (1570, 591);
INSERT INTO [segments] ([id], [round_id]) VALUES (1571, 391);
INSERT INTO [segments] ([id], [round_id]) VALUES (1572, 517);
INSERT INTO [segments] ([id], [round_id]) VALUES (1573, 415);
INSERT INTO [segments] ([id], [round_id]) VALUES (1574, 21);
INSERT INTO [segments] ([id], [round_id]) VALUES (1575, 471);
INSERT INTO [segments] ([id], [round_id]) VALUES (1576, 185);
INSERT INTO [segments] ([id], [round_id]) VALUES (1577, 498);
INSERT INTO [segments] ([id], [round_id]) VALUES (1578, 111);
INSERT INTO [segments] ([id], [round_id]) VALUES (1579, 212);
INSERT INTO [segments] ([id], [round_id]) VALUES (1580, 461);
INSERT INTO [segments] ([id], [round_id]) VALUES (1581, 468);
INSERT INTO [segments] ([id], [round_id]) VALUES (1582, 647);
INSERT INTO [segments] ([id], [round_id]) VALUES (1583, 686);
INSERT INTO [segments] ([id], [round_id]) VALUES (1584, 416);
INSERT INTO [segments] ([id], [round_id]) VALUES (1585, 450);
INSERT INTO [segments] ([id], [round_id]) VALUES (1586, 273);
INSERT INTO [segments] ([id], [round_id]) VALUES (1587, 34);
INSERT INTO [segments] ([id], [round_id]) VALUES (1588, 522);
INSERT INTO [segments] ([id], [round_id]) VALUES (1589, 12);
INSERT INTO [segments] ([id], [round_id]) VALUES (1590, 263);
INSERT INTO [segments] ([id], [round_id]) VALUES (1591, 321);
INSERT INTO [segments] ([id], [round_id]) VALUES (1592, 23);
INSERT INTO [segments] ([id], [round_id]) VALUES (1593, 492);
INSERT INTO [segments] ([id], [round_id]) VALUES (1594, 115);
INSERT INTO [segments] ([id], [round_id]) VALUES (1595, 198);
INSERT INTO [segments] ([id], [round_id]) VALUES (1596, 167);
INSERT INTO [segments] ([id], [round_id]) VALUES (1597, 502);
INSERT INTO [segments] ([id], [round_id]) VALUES (1598, 176);
INSERT INTO [segments] ([id], [round_id]) VALUES (1599, 178);
INSERT INTO [segments] ([id], [round_id]) VALUES (1600, 396);
INSERT INTO [segments] ([id], [round_id]) VALUES (1601, 567);
INSERT INTO [segments] ([id], [round_id]) VALUES (1602, 401);
INSERT INTO [segments] ([id], [round_id]) VALUES (1603, 349);
INSERT INTO [segments] ([id], [round_id]) VALUES (1604, 346);
INSERT INTO [segments] ([id], [round_id]) VALUES (1605, 167);
INSERT INTO [segments] ([id], [round_id]) VALUES (1606, 221);
INSERT INTO [segments] ([id], [round_id]) VALUES (1607, 603);
INSERT INTO [segments] ([id], [round_id]) VALUES (1608, 213);
INSERT INTO [segments] ([id], [round_id]) VALUES (1609, 690);
INSERT INTO [segments] ([id], [round_id]) VALUES (1610, 671);
INSERT INTO [segments] ([id], [round_id]) VALUES (1611, 289);
INSERT INTO [segments] ([id], [round_id]) VALUES (1612, 404);
INSERT INTO [segments] ([id], [round_id]) VALUES (1613, 352);
INSERT INTO [segments] ([id], [round_id]) VALUES (1614, 657);
INSERT INTO [segments] ([id], [round_id]) VALUES (1615, 76);
INSERT INTO [segments] ([id], [round_id]) VALUES (1616, 550);
INSERT INTO [segments] ([id], [round_id]) VALUES (1617, 575);
INSERT INTO [segments] ([id], [round_id]) VALUES (1618, 391);
INSERT INTO [segments] ([id], [round_id]) VALUES (1619, 597);
INSERT INTO [segments] ([id], [round_id]) VALUES (1620, 679);
INSERT INTO [segments] ([id], [round_id]) VALUES (1621, 287);
INSERT INTO [segments] ([id], [round_id]) VALUES (1622, 458);
INSERT INTO [segments] ([id], [round_id]) VALUES (1623, 684);
INSERT INTO [segments] ([id], [round_id]) VALUES (1624, 437);
INSERT INTO [segments] ([id], [round_id]) VALUES (1625, 556);
INSERT INTO [segments] ([id], [round_id]) VALUES (1626, 342);
INSERT INTO [segments] ([id], [round_id]) VALUES (1627, 326);
INSERT INTO [segments] ([id], [round_id]) VALUES (1628, 462);
INSERT INTO [segments] ([id], [round_id]) VALUES (1629, 44);
INSERT INTO [segments] ([id], [round_id]) VALUES (1630, 259);
INSERT INTO [segments] ([id], [round_id]) VALUES (1631, 636);
INSERT INTO [segments] ([id], [round_id]) VALUES (1632, 144);
INSERT INTO [segments] ([id], [round_id]) VALUES (1633, 9);
INSERT INTO [segments] ([id], [round_id]) VALUES (1634, 549);
INSERT INTO [segments] ([id], [round_id]) VALUES (1635, 206);
INSERT INTO [segments] ([id], [round_id]) VALUES (1636, 442);
INSERT INTO [segments] ([id], [round_id]) VALUES (1637, 4);
INSERT INTO [segments] ([id], [round_id]) VALUES (1638, 200);
INSERT INTO [segments] ([id], [round_id]) VALUES (1639, 148);
INSERT INTO [segments] ([id], [round_id]) VALUES (1640, 173);
INSERT INTO [segments] ([id], [round_id]) VALUES (1641, 309);
INSERT INTO [segments] ([id], [round_id]) VALUES (1642, 463);
INSERT INTO [segments] ([id], [round_id]) VALUES (1643, 608);
INSERT INTO [segments] ([id], [round_id]) VALUES (1644, 447);
INSERT INTO [segments] ([id], [round_id]) VALUES (1645, 225);
INSERT INTO [segments] ([id], [round_id]) VALUES (1646, 3);
INSERT INTO [segments] ([id], [round_id]) VALUES (1647, 107);
INSERT INTO [segments] ([id], [round_id]) VALUES (1648, 136);
INSERT INTO [segments] ([id], [round_id]) VALUES (1649, 304);
INSERT INTO [segments] ([id], [round_id]) VALUES (1650, 674);
INSERT INTO [segments] ([id], [round_id]) VALUES (1651, 602);
INSERT INTO [segments] ([id], [round_id]) VALUES (1652, 603);
INSERT INTO [segments] ([id], [round_id]) VALUES (1653, 195);
INSERT INTO [segments] ([id], [round_id]) VALUES (1654, 12);
INSERT INTO [segments] ([id], [round_id]) VALUES (1655, 326);
INSERT INTO [segments] ([id], [round_id]) VALUES (1656, 311);
INSERT INTO [segments] ([id], [round_id]) VALUES (1657, 178);
INSERT INTO [segments] ([id], [round_id]) VALUES (1658, 644);
INSERT INTO [segments] ([id], [round_id]) VALUES (1659, 445);
INSERT INTO [segments] ([id], [round_id]) VALUES (1660, 344);
INSERT INTO [segments] ([id], [round_id]) VALUES (1661, 189);
INSERT INTO [segments] ([id], [round_id]) VALUES (1662, 432);
INSERT INTO [segments] ([id], [round_id]) VALUES (1663, 53);
INSERT INTO [segments] ([id], [round_id]) VALUES (1664, 311);
INSERT INTO [segments] ([id], [round_id]) VALUES (1665, 101);
INSERT INTO [segments] ([id], [round_id]) VALUES (1666, 128);
INSERT INTO [segments] ([id], [round_id]) VALUES (1667, 80);
INSERT INTO [segments] ([id], [round_id]) VALUES (1668, 543);
INSERT INTO [segments] ([id], [round_id]) VALUES (1669, 124);
INSERT INTO [segments] ([id], [round_id]) VALUES (1670, 9);
INSERT INTO [segments] ([id], [round_id]) VALUES (1671, 163);
INSERT INTO [segments] ([id], [round_id]) VALUES (1672, 535);
INSERT INTO [segments] ([id], [round_id]) VALUES (1673, 304);
INSERT INTO [segments] ([id], [round_id]) VALUES (1674, 566);
INSERT INTO [segments] ([id], [round_id]) VALUES (1675, 142);
INSERT INTO [segments] ([id], [round_id]) VALUES (1676, 488);
INSERT INTO [segments] ([id], [round_id]) VALUES (1677, 673);
INSERT INTO [segments] ([id], [round_id]) VALUES (1678, 473);
INSERT INTO [segments] ([id], [round_id]) VALUES (1679, 522);
INSERT INTO [segments] ([id], [round_id]) VALUES (1680, 335);
INSERT INTO [segments] ([id], [round_id]) VALUES (1681, 439);
INSERT INTO [segments] ([id], [round_id]) VALUES (1682, 348);
INSERT INTO [segments] ([id], [round_id]) VALUES (1683, 562);
INSERT INTO [segments] ([id], [round_id]) VALUES (1684, 235);
INSERT INTO [segments] ([id], [round_id]) VALUES (1685, 319);
INSERT INTO [segments] ([id], [round_id]) VALUES (1686, 688);
INSERT INTO [segments] ([id], [round_id]) VALUES (1687, 411);
INSERT INTO [segments] ([id], [round_id]) VALUES (1688, 401);
INSERT INTO [segments] ([id], [round_id]) VALUES (1689, 35);
INSERT INTO [segments] ([id], [round_id]) VALUES (1690, 26);
INSERT INTO [segments] ([id], [round_id]) VALUES (1691, 102);
INSERT INTO [segments] ([id], [round_id]) VALUES (1692, 644);
INSERT INTO [segments] ([id], [round_id]) VALUES (1693, 562);
INSERT INTO [segments] ([id], [round_id]) VALUES (1694, 425);
INSERT INTO [segments] ([id], [round_id]) VALUES (1695, 372);
INSERT INTO [segments] ([id], [round_id]) VALUES (1696, 351);
INSERT INTO [segments] ([id], [round_id]) VALUES (1697, 487);
INSERT INTO [segments] ([id], [round_id]) VALUES (1698, 176);
INSERT INTO [segments] ([id], [round_id]) VALUES (1699, 161);
INSERT INTO [segments] ([id], [round_id]) VALUES (1700, 384);
INSERT INTO [segments] ([id], [round_id]) VALUES (1701, 153);
INSERT INTO [segments] ([id], [round_id]) VALUES (1702, 316);
INSERT INTO [segments] ([id], [round_id]) VALUES (1703, 361);
INSERT INTO [segments] ([id], [round_id]) VALUES (1704, 32);
INSERT INTO [segments] ([id], [round_id]) VALUES (1705, 400);
INSERT INTO [segments] ([id], [round_id]) VALUES (1706, 153);
INSERT INTO [segments] ([id], [round_id]) VALUES (1707, 239);
INSERT INTO [segments] ([id], [round_id]) VALUES (1708, 448);
INSERT INTO [segments] ([id], [round_id]) VALUES (1709, 708);
INSERT INTO [segments] ([id], [round_id]) VALUES (1710, 490);
INSERT INTO [segments] ([id], [round_id]) VALUES (1711, 264);
INSERT INTO [segments] ([id], [round_id]) VALUES (1712, 213);
INSERT INTO [segments] ([id], [round_id]) VALUES (1713, 295);
INSERT INTO [segments] ([id], [round_id]) VALUES (1714, 357);
INSERT INTO [segments] ([id], [round_id]) VALUES (1715, 335);
INSERT INTO [segments] ([id], [round_id]) VALUES (1716, 436);
INSERT INTO [segments] ([id], [round_id]) VALUES (1717, 237);
INSERT INTO [segments] ([id], [round_id]) VALUES (1718, 268);
INSERT INTO [segments] ([id], [round_id]) VALUES (1719, 20);
INSERT INTO [segments] ([id], [round_id]) VALUES (1720, 239);
INSERT INTO [segments] ([id], [round_id]) VALUES (1721, 621);
INSERT INTO [segments] ([id], [round_id]) VALUES (1722, 643);
INSERT INTO [segments] ([id], [round_id]) VALUES (1723, 244);
INSERT INTO [segments] ([id], [round_id]) VALUES (1724, 452);
INSERT INTO [segments] ([id], [round_id]) VALUES (1725, 451);
INSERT INTO [segments] ([id], [round_id]) VALUES (1726, 660);
INSERT INTO [segments] ([id], [round_id]) VALUES (1727, 112);
INSERT INTO [segments] ([id], [round_id]) VALUES (1728, 333);
INSERT INTO [segments] ([id], [round_id]) VALUES (1729, 622);
INSERT INTO [segments] ([id], [round_id]) VALUES (1730, 237);
INSERT INTO [segments] ([id], [round_id]) VALUES (1731, 169);
INSERT INTO [segments] ([id], [round_id]) VALUES (1732, 604);
INSERT INTO [segments] ([id], [round_id]) VALUES (1733, 236);
INSERT INTO [segments] ([id], [round_id]) VALUES (1734, 710);
INSERT INTO [segments] ([id], [round_id]) VALUES (1735, 698);
INSERT INTO [segments] ([id], [round_id]) VALUES (1736, 660);
INSERT INTO [segments] ([id], [round_id]) VALUES (1737, 685);
INSERT INTO [segments] ([id], [round_id]) VALUES (1738, 123);
INSERT INTO [segments] ([id], [round_id]) VALUES (1739, 56);
INSERT INTO [segments] ([id], [round_id]) VALUES (1740, 623);
INSERT INTO [segments] ([id], [round_id]) VALUES (1741, 653);
INSERT INTO [segments] ([id], [round_id]) VALUES (1742, 496);
INSERT INTO [segments] ([id], [round_id]) VALUES (1743, 643);
INSERT INTO [segments] ([id], [round_id]) VALUES (1744, 603);
INSERT INTO [segments] ([id], [round_id]) VALUES (1745, 132);
INSERT INTO [segments] ([id], [round_id]) VALUES (1746, 257);
INSERT INTO [segments] ([id], [round_id]) VALUES (1747, 111);
INSERT INTO [segments] ([id], [round_id]) VALUES (1748, 580);
INSERT INTO [segments] ([id], [round_id]) VALUES (1749, 375);
INSERT INTO [segments] ([id], [round_id]) VALUES (1750, 87);
INSERT INTO [segments] ([id], [round_id]) VALUES (1751, 400);
INSERT INTO [segments] ([id], [round_id]) VALUES (1752, 396);
INSERT INTO [segments] ([id], [round_id]) VALUES (1753, 70);
INSERT INTO [segments] ([id], [round_id]) VALUES (1754, 356);
INSERT INTO [segments] ([id], [round_id]) VALUES (1755, 367);
INSERT INTO [segments] ([id], [round_id]) VALUES (1756, 279);
INSERT INTO [segments] ([id], [round_id]) VALUES (1757, 328);
INSERT INTO [segments] ([id], [round_id]) VALUES (1758, 643);
INSERT INTO [segments] ([id], [round_id]) VALUES (1759, 37);
INSERT INTO [segments] ([id], [round_id]) VALUES (1760, 216);
INSERT INTO [segments] ([id], [round_id]) VALUES (1761, 371);
INSERT INTO [segments] ([id], [round_id]) VALUES (1762, 413);
INSERT INTO [segments] ([id], [round_id]) VALUES (1763, 459);
INSERT INTO [segments] ([id], [round_id]) VALUES (1764, 618);
INSERT INTO [segments] ([id], [round_id]) VALUES (1765, 69);
INSERT INTO [segments] ([id], [round_id]) VALUES (1766, 426);
INSERT INTO [segments] ([id], [round_id]) VALUES (1767, 553);
INSERT INTO [segments] ([id], [round_id]) VALUES (1768, 249);
INSERT INTO [segments] ([id], [round_id]) VALUES (1769, 94);
INSERT INTO [segments] ([id], [round_id]) VALUES (1770, 172);
INSERT INTO [segments] ([id], [round_id]) VALUES (1771, 417);
INSERT INTO [segments] ([id], [round_id]) VALUES (1772, 211);
INSERT INTO [segments] ([id], [round_id]) VALUES (1773, 172);
INSERT INTO [segments] ([id], [round_id]) VALUES (1774, 561);
INSERT INTO [segments] ([id], [round_id]) VALUES (1775, 204);
INSERT INTO [segments] ([id], [round_id]) VALUES (1776, 212);
INSERT INTO [segments] ([id], [round_id]) VALUES (1777, 639);
INSERT INTO [segments] ([id], [round_id]) VALUES (1778, 396);
INSERT INTO [segments] ([id], [round_id]) VALUES (1779, 50);
INSERT INTO [segments] ([id], [round_id]) VALUES (1780, 559);
INSERT INTO [segments] ([id], [round_id]) VALUES (1781, 605);
INSERT INTO [segments] ([id], [round_id]) VALUES (1782, 508);
INSERT INTO [segments] ([id], [round_id]) VALUES (1783, 486);
INSERT INTO [segments] ([id], [round_id]) VALUES (1784, 448);
INSERT INTO [segments] ([id], [round_id]) VALUES (1785, 108);
INSERT INTO [segments] ([id], [round_id]) VALUES (1786, 410);
INSERT INTO [segments] ([id], [round_id]) VALUES (1787, 396);
INSERT INTO [segments] ([id], [round_id]) VALUES (1788, 613);
INSERT INTO [segments] ([id], [round_id]) VALUES (1789, 611);
INSERT INTO [segments] ([id], [round_id]) VALUES (1790, 369);
INSERT INTO [segments] ([id], [round_id]) VALUES (1791, 687);
INSERT INTO [segments] ([id], [round_id]) VALUES (1792, 399);
INSERT INTO [segments] ([id], [round_id]) VALUES (1793, 4);
INSERT INTO [segments] ([id], [round_id]) VALUES (1794, 336);
INSERT INTO [segments] ([id], [round_id]) VALUES (1795, 412);
INSERT INTO [segments] ([id], [round_id]) VALUES (1796, 192);
INSERT INTO [segments] ([id], [round_id]) VALUES (1797, 591);
INSERT INTO [segments] ([id], [round_id]) VALUES (1798, 630);
INSERT INTO [segments] ([id], [round_id]) VALUES (1799, 65);
INSERT INTO [segments] ([id], [round_id]) VALUES (1800, 615);
INSERT INTO [segments] ([id], [round_id]) VALUES (1801, 536);
INSERT INTO [segments] ([id], [round_id]) VALUES (1802, 116);
INSERT INTO [segments] ([id], [round_id]) VALUES (1803, 468);
INSERT INTO [segments] ([id], [round_id]) VALUES (1804, 511);
INSERT INTO [segments] ([id], [round_id]) VALUES (1805, 584);
INSERT INTO [segments] ([id], [round_id]) VALUES (1806, 408);
INSERT INTO [segments] ([id], [round_id]) VALUES (1807, 219);
INSERT INTO [segments] ([id], [round_id]) VALUES (1808, 487);
INSERT INTO [segments] ([id], [round_id]) VALUES (1809, 646);
INSERT INTO [segments] ([id], [round_id]) VALUES (1810, 489);
INSERT INTO [segments] ([id], [round_id]) VALUES (1811, 343);
INSERT INTO [segments] ([id], [round_id]) VALUES (1812, 192);
INSERT INTO [segments] ([id], [round_id]) VALUES (1813, 519);
INSERT INTO [segments] ([id], [round_id]) VALUES (1814, 678);
INSERT INTO [segments] ([id], [round_id]) VALUES (1815, 153);
INSERT INTO [segments] ([id], [round_id]) VALUES (1816, 693);
INSERT INTO [segments] ([id], [round_id]) VALUES (1817, 140);
INSERT INTO [segments] ([id], [round_id]) VALUES (1818, 209);
INSERT INTO [segments] ([id], [round_id]) VALUES (1819, 183);
INSERT INTO [segments] ([id], [round_id]) VALUES (1820, 205);
INSERT INTO [segments] ([id], [round_id]) VALUES (1821, 615);
INSERT INTO [segments] ([id], [round_id]) VALUES (1822, 267);
INSERT INTO [segments] ([id], [round_id]) VALUES (1823, 358);
INSERT INTO [segments] ([id], [round_id]) VALUES (1824, 488);
INSERT INTO [segments] ([id], [round_id]) VALUES (1825, 28);
INSERT INTO [segments] ([id], [round_id]) VALUES (1826, 630);
INSERT INTO [segments] ([id], [round_id]) VALUES (1827, 128);
INSERT INTO [segments] ([id], [round_id]) VALUES (1828, 238);
INSERT INTO [segments] ([id], [round_id]) VALUES (1829, 230);
INSERT INTO [segments] ([id], [round_id]) VALUES (1830, 139);
INSERT INTO [segments] ([id], [round_id]) VALUES (1831, 187);
INSERT INTO [segments] ([id], [round_id]) VALUES (1832, 104);
INSERT INTO [segments] ([id], [round_id]) VALUES (1833, 430);
INSERT INTO [segments] ([id], [round_id]) VALUES (1834, 18);
INSERT INTO [segments] ([id], [round_id]) VALUES (1835, 335);
INSERT INTO [segments] ([id], [round_id]) VALUES (1836, 396);
INSERT INTO [segments] ([id], [round_id]) VALUES (1837, 268);
INSERT INTO [segments] ([id], [round_id]) VALUES (1838, 205);
INSERT INTO [segments] ([id], [round_id]) VALUES (1839, 465);
INSERT INTO [segments] ([id], [round_id]) VALUES (1840, 223);
INSERT INTO [segments] ([id], [round_id]) VALUES (1841, 439);
INSERT INTO [segments] ([id], [round_id]) VALUES (1842, 102);
INSERT INTO [segments] ([id], [round_id]) VALUES (1843, 365);
INSERT INTO [segments] ([id], [round_id]) VALUES (1844, 441);
INSERT INTO [segments] ([id], [round_id]) VALUES (1845, 614);
INSERT INTO [segments] ([id], [round_id]) VALUES (1846, 411);
INSERT INTO [segments] ([id], [round_id]) VALUES (1847, 54);
INSERT INTO [segments] ([id], [round_id]) VALUES (1848, 136);
INSERT INTO [segments] ([id], [round_id]) VALUES (1849, 431);
INSERT INTO [segments] ([id], [round_id]) VALUES (1850, 5);
INSERT INTO [segments] ([id], [round_id]) VALUES (1851, 200);
INSERT INTO [segments] ([id], [round_id]) VALUES (1852, 207);
INSERT INTO [segments] ([id], [round_id]) VALUES (1853, 384);
INSERT INTO [segments] ([id], [round_id]) VALUES (1854, 185);
INSERT INTO [segments] ([id], [round_id]) VALUES (1855, 57);
INSERT INTO [segments] ([id], [round_id]) VALUES (1856, 581);
INSERT INTO [segments] ([id], [round_id]) VALUES (1857, 82);
INSERT INTO [segments] ([id], [round_id]) VALUES (1858, 289);
INSERT INTO [segments] ([id], [round_id]) VALUES (1859, 357);
INSERT INTO [segments] ([id], [round_id]) VALUES (1860, 481);
INSERT INTO [segments] ([id], [round_id]) VALUES (1861, 65);
INSERT INTO [segments] ([id], [round_id]) VALUES (1862, 176);
INSERT INTO [segments] ([id], [round_id]) VALUES (1863, 176);
INSERT INTO [segments] ([id], [round_id]) VALUES (1864, 610);
INSERT INTO [segments] ([id], [round_id]) VALUES (1865, 391);
INSERT INTO [segments] ([id], [round_id]) VALUES (1866, 244);
INSERT INTO [segments] ([id], [round_id]) VALUES (1867, 3);
INSERT INTO [segments] ([id], [round_id]) VALUES (1868, 639);
INSERT INTO [segments] ([id], [round_id]) VALUES (1869, 679);
INSERT INTO [segments] ([id], [round_id]) VALUES (1870, 445);
INSERT INTO [segments] ([id], [round_id]) VALUES (1871, 602);
INSERT INTO [segments] ([id], [round_id]) VALUES (1872, 476);
INSERT INTO [segments] ([id], [round_id]) VALUES (1873, 41);
INSERT INTO [segments] ([id], [round_id]) VALUES (1874, 699);
INSERT INTO [segments] ([id], [round_id]) VALUES (1875, 667);
INSERT INTO [segments] ([id], [round_id]) VALUES (1876, 125);
INSERT INTO [segments] ([id], [round_id]) VALUES (1877, 130);
INSERT INTO [segments] ([id], [round_id]) VALUES (1878, 459);
INSERT INTO [segments] ([id], [round_id]) VALUES (1879, 536);
INSERT INTO [segments] ([id], [round_id]) VALUES (1880, 270);
INSERT INTO [segments] ([id], [round_id]) VALUES (1881, 621);
INSERT INTO [segments] ([id], [round_id]) VALUES (1882, 390);
INSERT INTO [segments] ([id], [round_id]) VALUES (1883, 269);
INSERT INTO [segments] ([id], [round_id]) VALUES (1884, 16);
INSERT INTO [segments] ([id], [round_id]) VALUES (1885, 452);
INSERT INTO [segments] ([id], [round_id]) VALUES (1886, 264);
INSERT INTO [segments] ([id], [round_id]) VALUES (1887, 266);
INSERT INTO [segments] ([id], [round_id]) VALUES (1888, 468);
INSERT INTO [segments] ([id], [round_id]) VALUES (1889, 423);
INSERT INTO [segments] ([id], [round_id]) VALUES (1890, 82);
INSERT INTO [segments] ([id], [round_id]) VALUES (1891, 312);
INSERT INTO [segments] ([id], [round_id]) VALUES (1892, 157);
INSERT INTO [segments] ([id], [round_id]) VALUES (1893, 196);
INSERT INTO [segments] ([id], [round_id]) VALUES (1894, 308);
INSERT INTO [segments] ([id], [round_id]) VALUES (1895, 607);
INSERT INTO [segments] ([id], [round_id]) VALUES (1896, 568);
INSERT INTO [segments] ([id], [round_id]) VALUES (1897, 512);
INSERT INTO [segments] ([id], [round_id]) VALUES (1898, 274);
INSERT INTO [segments] ([id], [round_id]) VALUES (1899, 257);
INSERT INTO [segments] ([id], [round_id]) VALUES (1900, 673);
INSERT INTO [segments] ([id], [round_id]) VALUES (1901, 159);
INSERT INTO [segments] ([id], [round_id]) VALUES (1902, 602);
INSERT INTO [segments] ([id], [round_id]) VALUES (1903, 112);
INSERT INTO [segments] ([id], [round_id]) VALUES (1904, 362);
INSERT INTO [segments] ([id], [round_id]) VALUES (1905, 117);
INSERT INTO [segments] ([id], [round_id]) VALUES (1906, 626);
INSERT INTO [segments] ([id], [round_id]) VALUES (1907, 397);
INSERT INTO [segments] ([id], [round_id]) VALUES (1908, 279);
INSERT INTO [segments] ([id], [round_id]) VALUES (1909, 4);
INSERT INTO [segments] ([id], [round_id]) VALUES (1910, 14);
INSERT INTO [segments] ([id], [round_id]) VALUES (1911, 422);
INSERT INTO [segments] ([id], [round_id]) VALUES (1912, 200);
INSERT INTO [segments] ([id], [round_id]) VALUES (1913, 523);
INSERT INTO [segments] ([id], [round_id]) VALUES (1914, 70);
INSERT INTO [segments] ([id], [round_id]) VALUES (1915, 392);
INSERT INTO [segments] ([id], [round_id]) VALUES (1916, 43);
INSERT INTO [segments] ([id], [round_id]) VALUES (1917, 103);
INSERT INTO [segments] ([id], [round_id]) VALUES (1918, 666);
INSERT INTO [segments] ([id], [round_id]) VALUES (1919, 144);
INSERT INTO [segments] ([id], [round_id]) VALUES (1920, 63);
INSERT INTO [segments] ([id], [round_id]) VALUES (1921, 704);
INSERT INTO [segments] ([id], [round_id]) VALUES (1922, 330);
INSERT INTO [segments] ([id], [round_id]) VALUES (1923, 418);
INSERT INTO [segments] ([id], [round_id]) VALUES (1924, 191);
INSERT INTO [segments] ([id], [round_id]) VALUES (1925, 225);
INSERT INTO [segments] ([id], [round_id]) VALUES (1926, 27);
INSERT INTO [segments] ([id], [round_id]) VALUES (1927, 583);
INSERT INTO [segments] ([id], [round_id]) VALUES (1928, 505);
INSERT INTO [segments] ([id], [round_id]) VALUES (1929, 496);
INSERT INTO [segments] ([id], [round_id]) VALUES (1930, 58);
INSERT INTO [segments] ([id], [round_id]) VALUES (1931, 205);
INSERT INTO [segments] ([id], [round_id]) VALUES (1932, 168);
INSERT INTO [segments] ([id], [round_id]) VALUES (1933, 277);
INSERT INTO [segments] ([id], [round_id]) VALUES (1934, 378);
INSERT INTO [segments] ([id], [round_id]) VALUES (1935, 28);
INSERT INTO [segments] ([id], [round_id]) VALUES (1936, 445);
INSERT INTO [segments] ([id], [round_id]) VALUES (1937, 31);
INSERT INTO [segments] ([id], [round_id]) VALUES (1938, 46);
INSERT INTO [segments] ([id], [round_id]) VALUES (1939, 363);
INSERT INTO [segments] ([id], [round_id]) VALUES (1940, 369);
INSERT INTO [segments] ([id], [round_id]) VALUES (1941, 514);
INSERT INTO [segments] ([id], [round_id]) VALUES (1942, 387);
INSERT INTO [segments] ([id], [round_id]) VALUES (1943, 668);
INSERT INTO [segments] ([id], [round_id]) VALUES (1944, 312);
INSERT INTO [segments] ([id], [round_id]) VALUES (1945, 191);
INSERT INTO [segments] ([id], [round_id]) VALUES (1946, 556);
INSERT INTO [segments] ([id], [round_id]) VALUES (1947, 697);
INSERT INTO [segments] ([id], [round_id]) VALUES (1948, 654);
INSERT INTO [segments] ([id], [round_id]) VALUES (1949, 485);
INSERT INTO [segments] ([id], [round_id]) VALUES (1950, 668);
INSERT INTO [segments] ([id], [round_id]) VALUES (1951, 383);
INSERT INTO [segments] ([id], [round_id]) VALUES (1952, 263);
INSERT INTO [segments] ([id], [round_id]) VALUES (1953, 456);
INSERT INTO [segments] ([id], [round_id]) VALUES (1954, 541);
INSERT INTO [segments] ([id], [round_id]) VALUES (1955, 130);
INSERT INTO [segments] ([id], [round_id]) VALUES (1956, 201);
INSERT INTO [segments] ([id], [round_id]) VALUES (1957, 91);
INSERT INTO [segments] ([id], [round_id]) VALUES (1958, 80);
INSERT INTO [segments] ([id], [round_id]) VALUES (1959, 389);
INSERT INTO [segments] ([id], [round_id]) VALUES (1960, 48);
INSERT INTO [segments] ([id], [round_id]) VALUES (1961, 283);
INSERT INTO [segments] ([id], [round_id]) VALUES (1962, 395);
INSERT INTO [segments] ([id], [round_id]) VALUES (1963, 627);
INSERT INTO [segments] ([id], [round_id]) VALUES (1964, 223);
INSERT INTO [segments] ([id], [round_id]) VALUES (1965, 90);
INSERT INTO [segments] ([id], [round_id]) VALUES (1966, 607);
INSERT INTO [segments] ([id], [round_id]) VALUES (1967, 169);
INSERT INTO [segments] ([id], [round_id]) VALUES (1968, 459);
INSERT INTO [segments] ([id], [round_id]) VALUES (1969, 480);
INSERT INTO [segments] ([id], [round_id]) VALUES (1970, 92);
INSERT INTO [segments] ([id], [round_id]) VALUES (1971, 397);
INSERT INTO [segments] ([id], [round_id]) VALUES (1972, 615);
INSERT INTO [segments] ([id], [round_id]) VALUES (1973, 326);
INSERT INTO [segments] ([id], [round_id]) VALUES (1974, 700);
INSERT INTO [segments] ([id], [round_id]) VALUES (1975, 457);
INSERT INTO [segments] ([id], [round_id]) VALUES (1976, 285);
INSERT INTO [segments] ([id], [round_id]) VALUES (1977, 443);
INSERT INTO [segments] ([id], [round_id]) VALUES (1978, 238);
INSERT INTO [segments] ([id], [round_id]) VALUES (1979, 57);
INSERT INTO [segments] ([id], [round_id]) VALUES (1980, 172);
INSERT INTO [segments] ([id], [round_id]) VALUES (1981, 678);
INSERT INTO [segments] ([id], [round_id]) VALUES (1982, 17);
INSERT INTO [segments] ([id], [round_id]) VALUES (1983, 108);
INSERT INTO [segments] ([id], [round_id]) VALUES (1984, 365);
INSERT INTO [segments] ([id], [round_id]) VALUES (1985, 92);
INSERT INTO [segments] ([id], [round_id]) VALUES (1986, 429);
INSERT INTO [segments] ([id], [round_id]) VALUES (1987, 655);
INSERT INTO [segments] ([id], [round_id]) VALUES (1988, 700);
INSERT INTO [segments] ([id], [round_id]) VALUES (1989, 547);
INSERT INTO [segments] ([id], [round_id]) VALUES (1990, 238);
INSERT INTO [segments] ([id], [round_id]) VALUES (1991, 152);
INSERT INTO [segments] ([id], [round_id]) VALUES (1992, 262);
INSERT INTO [segments] ([id], [round_id]) VALUES (1993, 80);
INSERT INTO [segments] ([id], [round_id]) VALUES (1994, 454);
INSERT INTO [segments] ([id], [round_id]) VALUES (1995, 383);
INSERT INTO [segments] ([id], [round_id]) VALUES (1996, 350);
INSERT INTO [segments] ([id], [round_id]) VALUES (1997, 650);
INSERT INTO [segments] ([id], [round_id]) VALUES (1998, 22);
INSERT INTO [segments] ([id], [round_id]) VALUES (1999, 182);
INSERT INTO [segments] ([id], [round_id]) VALUES (2000, 550);
INSERT INTO [segments] ([id], [round_id]) VALUES (2001, 300);
INSERT INTO [segments] ([id], [round_id]) VALUES (2002, 504);
INSERT INTO [segments] ([id], [round_id]) VALUES (2003, 228);
INSERT INTO [segments] ([id], [round_id]) VALUES (2004, 127);
INSERT INTO [segments] ([id], [round_id]) VALUES (2005, 28);
INSERT INTO [segments] ([id], [round_id]) VALUES (2006, 242);
INSERT INTO [segments] ([id], [round_id]) VALUES (2007, 632);
INSERT INTO [segments] ([id], [round_id]) VALUES (2008, 23);
INSERT INTO [segments] ([id], [round_id]) VALUES (2009, 147);
INSERT INTO [segments] ([id], [round_id]) VALUES (2010, 486);
INSERT INTO [segments] ([id], [round_id]) VALUES (2011, 491);
INSERT INTO [segments] ([id], [round_id]) VALUES (2012, 643);
INSERT INTO [segments] ([id], [round_id]) VALUES (2013, 342);
INSERT INTO [segments] ([id], [round_id]) VALUES (2014, 333);
INSERT INTO [segments] ([id], [round_id]) VALUES (2015, 502);
INSERT INTO [segments] ([id], [round_id]) VALUES (2016, 360);
INSERT INTO [segments] ([id], [round_id]) VALUES (2017, 151);
INSERT INTO [segments] ([id], [round_id]) VALUES (2018, 126);
INSERT INTO [segments] ([id], [round_id]) VALUES (2019, 137);
INSERT INTO [segments] ([id], [round_id]) VALUES (2020, 649);
INSERT INTO [segments] ([id], [round_id]) VALUES (2021, 123);
INSERT INTO [segments] ([id], [round_id]) VALUES (2022, 35);
INSERT INTO [segments] ([id], [round_id]) VALUES (2023, 93);
INSERT INTO [segments] ([id], [round_id]) VALUES (2024, 74);
INSERT INTO [segments] ([id], [round_id]) VALUES (2025, 492);
INSERT INTO [segments] ([id], [round_id]) VALUES (2026, 487);
INSERT INTO [segments] ([id], [round_id]) VALUES (2027, 212);
INSERT INTO [segments] ([id], [round_id]) VALUES (2028, 677);
INSERT INTO [segments] ([id], [round_id]) VALUES (2029, 465);
INSERT INTO [segments] ([id], [round_id]) VALUES (2030, 95);
INSERT INTO [segments] ([id], [round_id]) VALUES (2031, 292);
INSERT INTO [segments] ([id], [round_id]) VALUES (2032, 303);
INSERT INTO [segments] ([id], [round_id]) VALUES (2033, 620);
INSERT INTO [segments] ([id], [round_id]) VALUES (2034, 512);
INSERT INTO [segments] ([id], [round_id]) VALUES (2035, 638);
INSERT INTO [segments] ([id], [round_id]) VALUES (2036, 443);
INSERT INTO [segments] ([id], [round_id]) VALUES (2037, 214);
INSERT INTO [segments] ([id], [round_id]) VALUES (2038, 297);
INSERT INTO [segments] ([id], [round_id]) VALUES (2039, 351);
INSERT INTO [segments] ([id], [round_id]) VALUES (2040, 46);
INSERT INTO [segments] ([id], [round_id]) VALUES (2041, 676);
INSERT INTO [segments] ([id], [round_id]) VALUES (2042, 606);
INSERT INTO [segments] ([id], [round_id]) VALUES (2043, 571);
INSERT INTO [segments] ([id], [round_id]) VALUES (2044, 158);
INSERT INTO [segments] ([id], [round_id]) VALUES (2045, 13);
INSERT INTO [segments] ([id], [round_id]) VALUES (2046, 402);
INSERT INTO [segments] ([id], [round_id]) VALUES (2047, 147);
INSERT INTO [segments] ([id], [round_id]) VALUES (2048, 111);
INSERT INTO [segments] ([id], [round_id]) VALUES (2049, 688);
INSERT INTO [segments] ([id], [round_id]) VALUES (2050, 329);
INSERT INTO [segments] ([id], [round_id]) VALUES (2051, 142);
INSERT INTO [segments] ([id], [round_id]) VALUES (2052, 149);
INSERT INTO [segments] ([id], [round_id]) VALUES (2053, 254);
INSERT INTO [segments] ([id], [round_id]) VALUES (2054, 685);
INSERT INTO [segments] ([id], [round_id]) VALUES (2055, 359);
INSERT INTO [segments] ([id], [round_id]) VALUES (2056, 189);
INSERT INTO [segments] ([id], [round_id]) VALUES (2057, 107);
INSERT INTO [segments] ([id], [round_id]) VALUES (2058, 252);
INSERT INTO [segments] ([id], [round_id]) VALUES (2059, 173);
INSERT INTO [segments] ([id], [round_id]) VALUES (2060, 223);
INSERT INTO [segments] ([id], [round_id]) VALUES (2061, 108);
INSERT INTO [segments] ([id], [round_id]) VALUES (2062, 468);
INSERT INTO [segments] ([id], [round_id]) VALUES (2063, 341);
INSERT INTO [segments] ([id], [round_id]) VALUES (2064, 657);
INSERT INTO [segments] ([id], [round_id]) VALUES (2065, 101);
INSERT INTO [segments] ([id], [round_id]) VALUES (2066, 401);
INSERT INTO [segments] ([id], [round_id]) VALUES (2067, 277);
INSERT INTO [segments] ([id], [round_id]) VALUES (2068, 18);
INSERT INTO [segments] ([id], [round_id]) VALUES (2069, 383);
INSERT INTO [segments] ([id], [round_id]) VALUES (2070, 709);
INSERT INTO [segments] ([id], [round_id]) VALUES (2071, 495);
INSERT INTO [segments] ([id], [round_id]) VALUES (2072, 634);
INSERT INTO [segments] ([id], [round_id]) VALUES (2073, 468);
INSERT INTO [segments] ([id], [round_id]) VALUES (2074, 473);
INSERT INTO [segments] ([id], [round_id]) VALUES (2075, 491);
INSERT INTO [segments] ([id], [round_id]) VALUES (2076, 187);
INSERT INTO [segments] ([id], [round_id]) VALUES (2077, 153);
INSERT INTO [segments] ([id], [round_id]) VALUES (2078, 478);
INSERT INTO [segments] ([id], [round_id]) VALUES (2079, 260);
INSERT INTO [segments] ([id], [round_id]) VALUES (2080, 114);
INSERT INTO [segments] ([id], [round_id]) VALUES (2081, 677);
INSERT INTO [segments] ([id], [round_id]) VALUES (2082, 644);
INSERT INTO [segments] ([id], [round_id]) VALUES (2083, 593);
INSERT INTO [segments] ([id], [round_id]) VALUES (2084, 205);
INSERT INTO [segments] ([id], [round_id]) VALUES (2085, 676);
INSERT INTO [segments] ([id], [round_id]) VALUES (2086, 655);
INSERT INTO [segments] ([id], [round_id]) VALUES (2087, 158);
INSERT INTO [segments] ([id], [round_id]) VALUES (2088, 380);
INSERT INTO [segments] ([id], [round_id]) VALUES (2089, 77);
INSERT INTO [segments] ([id], [round_id]) VALUES (2090, 595);
INSERT INTO [segments] ([id], [round_id]) VALUES (2091, 247);
INSERT INTO [segments] ([id], [round_id]) VALUES (2092, 642);
INSERT INTO [segments] ([id], [round_id]) VALUES (2093, 703);
INSERT INTO [segments] ([id], [round_id]) VALUES (2094, 47);
INSERT INTO [segments] ([id], [round_id]) VALUES (2095, 142);
INSERT INTO [segments] ([id], [round_id]) VALUES (2096, 341);
INSERT INTO [segments] ([id], [round_id]) VALUES (2097, 423);
INSERT INTO [segments] ([id], [round_id]) VALUES (2098, 669);
INSERT INTO [segments] ([id], [round_id]) VALUES (2099, 172);
INSERT INTO [segments] ([id], [round_id]) VALUES (2100, 288);
INSERT INTO [segments] ([id], [round_id]) VALUES (2101, 504);
INSERT INTO [segments] ([id], [round_id]) VALUES (2102, 486);
INSERT INTO [segments] ([id], [round_id]) VALUES (2103, 82);
INSERT INTO [segments] ([id], [round_id]) VALUES (2104, 271);
INSERT INTO [segments] ([id], [round_id]) VALUES (2105, 494);
INSERT INTO [segments] ([id], [round_id]) VALUES (2106, 552);
INSERT INTO [segments] ([id], [round_id]) VALUES (2107, 443);
INSERT INTO [segments] ([id], [round_id]) VALUES (2108, 164);
INSERT INTO [segments] ([id], [round_id]) VALUES (2109, 593);
INSERT INTO [segments] ([id], [round_id]) VALUES (2110, 547);
INSERT INTO [segments] ([id], [round_id]) VALUES (2111, 168);
INSERT INTO [segments] ([id], [round_id]) VALUES (2112, 585);
INSERT INTO [segments] ([id], [round_id]) VALUES (2113, 295);
INSERT INTO [segments] ([id], [round_id]) VALUES (2114, 116);
INSERT INTO [segments] ([id], [round_id]) VALUES (2115, 382);
INSERT INTO [segments] ([id], [round_id]) VALUES (2116, 82);
INSERT INTO [segments] ([id], [round_id]) VALUES (2117, 633);
INSERT INTO [segments] ([id], [round_id]) VALUES (2118, 430);
INSERT INTO [segments] ([id], [round_id]) VALUES (2119, 193);
INSERT INTO [segments] ([id], [round_id]) VALUES (2120, 439);
INSERT INTO [segments] ([id], [round_id]) VALUES (2121, 60);
INSERT INTO [segments] ([id], [round_id]) VALUES (2122, 304);
INSERT INTO [segments] ([id], [round_id]) VALUES (2123, 217);
INSERT INTO [segments] ([id], [round_id]) VALUES (2124, 260);
INSERT INTO [segments] ([id], [round_id]) VALUES (2125, 288);
INSERT INTO [segments] ([id], [round_id]) VALUES (2126, 203);
INSERT INTO [segments] ([id], [round_id]) VALUES (2127, 469);
INSERT INTO [segments] ([id], [round_id]) VALUES (2128, 128);
INSERT INTO [segments] ([id], [round_id]) VALUES (2129, 23);
INSERT INTO [segments] ([id], [round_id]) VALUES (2130, 282);
INSERT INTO [segments] ([id], [round_id]) VALUES (2131, 58);
INSERT INTO [segments] ([id], [round_id]) VALUES (2132, 629);
INSERT INTO [segments] ([id], [round_id]) VALUES (2133, 124);
INSERT INTO [segments] ([id], [round_id]) VALUES (2134, 329);
INSERT INTO [segments] ([id], [round_id]) VALUES (2135, 417);
INSERT INTO [segments] ([id], [round_id]) VALUES (2136, 122);
INSERT INTO [segments] ([id], [round_id]) VALUES (2137, 326);
INSERT INTO [segments] ([id], [round_id]) VALUES (2138, 348);
INSERT INTO [segments] ([id], [round_id]) VALUES (2139, 521);
INSERT INTO [segments] ([id], [round_id]) VALUES (2140, 653);
INSERT INTO [segments] ([id], [round_id]) VALUES (2141, 385);
INSERT INTO [segments] ([id], [round_id]) VALUES (2142, 624);
INSERT INTO [segments] ([id], [round_id]) VALUES (2143, 320);
INSERT INTO [segments] ([id], [round_id]) VALUES (2144, 97);
INSERT INTO [segments] ([id], [round_id]) VALUES (2145, 602);
INSERT INTO [segments] ([id], [round_id]) VALUES (2146, 672);
INSERT INTO [segments] ([id], [round_id]) VALUES (2147, 84);
INSERT INTO [segments] ([id], [round_id]) VALUES (2148, 45);
INSERT INTO [segments] ([id], [round_id]) VALUES (2149, 462);
INSERT INTO [segments] ([id], [round_id]) VALUES (2150, 337);
INSERT INTO [segments] ([id], [round_id]) VALUES (2151, 540);
INSERT INTO [segments] ([id], [round_id]) VALUES (2152, 280);
INSERT INTO [segments] ([id], [round_id]) VALUES (2153, 689);
INSERT INTO [segments] ([id], [round_id]) VALUES (2154, 303);
INSERT INTO [segments] ([id], [round_id]) VALUES (2155, 476);
INSERT INTO [segments] ([id], [round_id]) VALUES (2156, 342);
INSERT INTO [segments] ([id], [round_id]) VALUES (2157, 485);
INSERT INTO [segments] ([id], [round_id]) VALUES (2158, 493);
INSERT INTO [segments] ([id], [round_id]) VALUES (2159, 607);
INSERT INTO [segments] ([id], [round_id]) VALUES (2160, 125);
INSERT INTO [segments] ([id], [round_id]) VALUES (2161, 555);
INSERT INTO [segments] ([id], [round_id]) VALUES (2162, 27);
INSERT INTO [segments] ([id], [round_id]) VALUES (2163, 682);
INSERT INTO [segments] ([id], [round_id]) VALUES (2164, 164);
INSERT INTO [segments] ([id], [round_id]) VALUES (2165, 521);
INSERT INTO [segments] ([id], [round_id]) VALUES (2166, 297);
INSERT INTO [segments] ([id], [round_id]) VALUES (2167, 458);
INSERT INTO [segments] ([id], [round_id]) VALUES (2168, 29);
INSERT INTO [segments] ([id], [round_id]) VALUES (2169, 381);
INSERT INTO [segments] ([id], [round_id]) VALUES (2170, 590);
INSERT INTO [segments] ([id], [round_id]) VALUES (2171, 446);
INSERT INTO [segments] ([id], [round_id]) VALUES (2172, 572);
INSERT INTO [segments] ([id], [round_id]) VALUES (2173, 484);
INSERT INTO [segments] ([id], [round_id]) VALUES (2174, 450);
INSERT INTO [segments] ([id], [round_id]) VALUES (2175, 523);
INSERT INTO [segments] ([id], [round_id]) VALUES (2176, 579);
INSERT INTO [segments] ([id], [round_id]) VALUES (2177, 217);
INSERT INTO [segments] ([id], [round_id]) VALUES (2178, 152);
INSERT INTO [segments] ([id], [round_id]) VALUES (2179, 278);
INSERT INTO [segments] ([id], [round_id]) VALUES (2180, 694);
INSERT INTO [segments] ([id], [round_id]) VALUES (2181, 492);
INSERT INTO [segments] ([id], [round_id]) VALUES (2182, 523);
INSERT INTO [segments] ([id], [round_id]) VALUES (2183, 52);
INSERT INTO [segments] ([id], [round_id]) VALUES (2184, 451);
INSERT INTO [segments] ([id], [round_id]) VALUES (2185, 625);
INSERT INTO [segments] ([id], [round_id]) VALUES (2186, 313);
INSERT INTO [segments] ([id], [round_id]) VALUES (2187, 455);
INSERT INTO [segments] ([id], [round_id]) VALUES (2188, 106);
INSERT INTO [segments] ([id], [round_id]) VALUES (2189, 574);
INSERT INTO [segments] ([id], [round_id]) VALUES (2190, 463);
INSERT INTO [segments] ([id], [round_id]) VALUES (2191, 48);
INSERT INTO [segments] ([id], [round_id]) VALUES (2192, 394);
INSERT INTO [segments] ([id], [round_id]) VALUES (2193, 431);
INSERT INTO [segments] ([id], [round_id]) VALUES (2194, 602);
INSERT INTO [segments] ([id], [round_id]) VALUES (2195, 218);
INSERT INTO [segments] ([id], [round_id]) VALUES (2196, 333);
INSERT INTO [segments] ([id], [round_id]) VALUES (2197, 466);
INSERT INTO [segments] ([id], [round_id]) VALUES (2198, 76);
INSERT INTO [segments] ([id], [round_id]) VALUES (2199, 21);
INSERT INTO [segments] ([id], [round_id]) VALUES (2200, 47);
INSERT INTO [segments] ([id], [round_id]) VALUES (2201, 130);
INSERT INTO [segments] ([id], [round_id]) VALUES (2202, 588);
INSERT INTO [segments] ([id], [round_id]) VALUES (2203, 146);
INSERT INTO [segments] ([id], [round_id]) VALUES (2204, 159);
INSERT INTO [segments] ([id], [round_id]) VALUES (2205, 209);
INSERT INTO [segments] ([id], [round_id]) VALUES (2206, 269);
INSERT INTO [segments] ([id], [round_id]) VALUES (2207, 445);
INSERT INTO [segments] ([id], [round_id]) VALUES (2208, 535);
INSERT INTO [segments] ([id], [round_id]) VALUES (2209, 22);
INSERT INTO [segments] ([id], [round_id]) VALUES (2210, 622);
INSERT INTO [segments] ([id], [round_id]) VALUES (2211, 424);
INSERT INTO [segments] ([id], [round_id]) VALUES (2212, 225);
INSERT INTO [segments] ([id], [round_id]) VALUES (2213, 104);
INSERT INTO [segments] ([id], [round_id]) VALUES (2214, 31);
INSERT INTO [segments] ([id], [round_id]) VALUES (2215, 603);
INSERT INTO [segments] ([id], [round_id]) VALUES (2216, 401);
INSERT INTO [segments] ([id], [round_id]) VALUES (2217, 293);
INSERT INTO [segments] ([id], [round_id]) VALUES (2218, 651);
INSERT INTO [segments] ([id], [round_id]) VALUES (2219, 20);
INSERT INTO [segments] ([id], [round_id]) VALUES (2220, 78);
INSERT INTO [segments] ([id], [round_id]) VALUES (2221, 169);
INSERT INTO [segments] ([id], [round_id]) VALUES (2222, 601);
INSERT INTO [segments] ([id], [round_id]) VALUES (2223, 492);
INSERT INTO [segments] ([id], [round_id]) VALUES (2224, 1);
INSERT INTO [segments] ([id], [round_id]) VALUES (2225, 579);
INSERT INTO [segments] ([id], [round_id]) VALUES (2226, 485);
INSERT INTO [segments] ([id], [round_id]) VALUES (2227, 85);
INSERT INTO [segments] ([id], [round_id]) VALUES (2228, 623);
INSERT INTO [segments] ([id], [round_id]) VALUES (2229, 230);
INSERT INTO [segments] ([id], [round_id]) VALUES (2230, 182);
INSERT INTO [segments] ([id], [round_id]) VALUES (2231, 530);
INSERT INTO [segments] ([id], [round_id]) VALUES (2232, 151);
INSERT INTO [segments] ([id], [round_id]) VALUES (2233, 584);
INSERT INTO [segments] ([id], [round_id]) VALUES (2234, 437);
INSERT INTO [segments] ([id], [round_id]) VALUES (2235, 608);
INSERT INTO [segments] ([id], [round_id]) VALUES (2236, 332);
INSERT INTO [segments] ([id], [round_id]) VALUES (2237, 98);
INSERT INTO [segments] ([id], [round_id]) VALUES (2238, 648);
INSERT INTO [segments] ([id], [round_id]) VALUES (2239, 666);
INSERT INTO [segments] ([id], [round_id]) VALUES (2240, 534);
INSERT INTO [segments] ([id], [round_id]) VALUES (2241, 121);
INSERT INTO [segments] ([id], [round_id]) VALUES (2242, 325);
INSERT INTO [segments] ([id], [round_id]) VALUES (2243, 239);
INSERT INTO [segments] ([id], [round_id]) VALUES (2244, 227);
INSERT INTO [segments] ([id], [round_id]) VALUES (2245, 695);
INSERT INTO [segments] ([id], [round_id]) VALUES (2246, 334);
INSERT INTO [segments] ([id], [round_id]) VALUES (2247, 25);
INSERT INTO [segments] ([id], [round_id]) VALUES (2248, 61);
INSERT INTO [segments] ([id], [round_id]) VALUES (2249, 170);
INSERT INTO [segments] ([id], [round_id]) VALUES (2250, 657);
INSERT INTO [segments] ([id], [round_id]) VALUES (2251, 316);
INSERT INTO [segments] ([id], [round_id]) VALUES (2252, 525);
INSERT INTO [segments] ([id], [round_id]) VALUES (2253, 263);
INSERT INTO [segments] ([id], [round_id]) VALUES (2254, 350);
INSERT INTO [segments] ([id], [round_id]) VALUES (2255, 357);
INSERT INTO [segments] ([id], [round_id]) VALUES (2256, 384);
INSERT INTO [segments] ([id], [round_id]) VALUES (2257, 696);
INSERT INTO [segments] ([id], [round_id]) VALUES (2258, 704);
INSERT INTO [segments] ([id], [round_id]) VALUES (2259, 544);
INSERT INTO [segments] ([id], [round_id]) VALUES (2260, 639);
INSERT INTO [segments] ([id], [round_id]) VALUES (2261, 123);
INSERT INTO [segments] ([id], [round_id]) VALUES (2262, 580);
INSERT INTO [segments] ([id], [round_id]) VALUES (2263, 548);
INSERT INTO [segments] ([id], [round_id]) VALUES (2264, 213);
INSERT INTO [segments] ([id], [round_id]) VALUES (2265, 232);
INSERT INTO [segments] ([id], [round_id]) VALUES (2266, 679);
INSERT INTO [segments] ([id], [round_id]) VALUES (2267, 681);
INSERT INTO [segments] ([id], [round_id]) VALUES (2268, 433);
INSERT INTO [segments] ([id], [round_id]) VALUES (2269, 459);
INSERT INTO [segments] ([id], [round_id]) VALUES (2270, 539);
INSERT INTO [segments] ([id], [round_id]) VALUES (2271, 465);
INSERT INTO [segments] ([id], [round_id]) VALUES (2272, 28);
INSERT INTO [segments] ([id], [round_id]) VALUES (2273, 209);
INSERT INTO [segments] ([id], [round_id]) VALUES (2274, 376);
INSERT INTO [segments] ([id], [round_id]) VALUES (2275, 557);
INSERT INTO [segments] ([id], [round_id]) VALUES (2276, 280);
INSERT INTO [segments] ([id], [round_id]) VALUES (2277, 626);
INSERT INTO [segments] ([id], [round_id]) VALUES (2278, 465);
INSERT INTO [segments] ([id], [round_id]) VALUES (2279, 639);
INSERT INTO [segments] ([id], [round_id]) VALUES (2280, 390);
INSERT INTO [segments] ([id], [round_id]) VALUES (2281, 684);
INSERT INTO [segments] ([id], [round_id]) VALUES (2282, 116);
INSERT INTO [segments] ([id], [round_id]) VALUES (2283, 155);
INSERT INTO [segments] ([id], [round_id]) VALUES (2284, 591);
INSERT INTO [segments] ([id], [round_id]) VALUES (2285, 613);
INSERT INTO [segments] ([id], [round_id]) VALUES (2286, 293);
INSERT INTO [segments] ([id], [round_id]) VALUES (2287, 84);
INSERT INTO [segments] ([id], [round_id]) VALUES (2288, 692);
INSERT INTO [segments] ([id], [round_id]) VALUES (2289, 378);
INSERT INTO [segments] ([id], [round_id]) VALUES (2290, 447);
INSERT INTO [segments] ([id], [round_id]) VALUES (2291, 492);
INSERT INTO [segments] ([id], [round_id]) VALUES (2292, 91);
INSERT INTO [segments] ([id], [round_id]) VALUES (2293, 200);
INSERT INTO [segments] ([id], [round_id]) VALUES (2294, 483);
INSERT INTO [segments] ([id], [round_id]) VALUES (2295, 581);
INSERT INTO [segments] ([id], [round_id]) VALUES (2296, 313);
INSERT INTO [segments] ([id], [round_id]) VALUES (2297, 453);
INSERT INTO [segments] ([id], [round_id]) VALUES (2298, 511);
INSERT INTO [segments] ([id], [round_id]) VALUES (2299, 393);
INSERT INTO [segments] ([id], [round_id]) VALUES (2300, 143);
INSERT INTO [segments] ([id], [round_id]) VALUES (2301, 202);
INSERT INTO [segments] ([id], [round_id]) VALUES (2302, 259);
INSERT INTO [segments] ([id], [round_id]) VALUES (2303, 218);
INSERT INTO [segments] ([id], [round_id]) VALUES (2304, 153);
INSERT INTO [segments] ([id], [round_id]) VALUES (2305, 159);
INSERT INTO [segments] ([id], [round_id]) VALUES (2306, 192);
INSERT INTO [segments] ([id], [round_id]) VALUES (2307, 474);
INSERT INTO [segments] ([id], [round_id]) VALUES (2308, 668);
INSERT INTO [segments] ([id], [round_id]) VALUES (2309, 160);
INSERT INTO [segments] ([id], [round_id]) VALUES (2310, 40);
INSERT INTO [segments] ([id], [round_id]) VALUES (2311, 120);
INSERT INTO [segments] ([id], [round_id]) VALUES (2312, 664);
INSERT INTO [segments] ([id], [round_id]) VALUES (2313, 284);
INSERT INTO [segments] ([id], [round_id]) VALUES (2314, 276);
INSERT INTO [segments] ([id], [round_id]) VALUES (2315, 590);
INSERT INTO [segments] ([id], [round_id]) VALUES (2316, 596);
INSERT INTO [segments] ([id], [round_id]) VALUES (2317, 115);
INSERT INTO [segments] ([id], [round_id]) VALUES (2318, 697);
INSERT INTO [segments] ([id], [round_id]) VALUES (2319, 518);
INSERT INTO [segments] ([id], [round_id]) VALUES (2320, 570);
INSERT INTO [segments] ([id], [round_id]) VALUES (2321, 268);
INSERT INTO [segments] ([id], [round_id]) VALUES (2322, 642);
INSERT INTO [segments] ([id], [round_id]) VALUES (2323, 663);
INSERT INTO [segments] ([id], [round_id]) VALUES (2324, 33);
INSERT INTO [segments] ([id], [round_id]) VALUES (2325, 241);
INSERT INTO [segments] ([id], [round_id]) VALUES (2326, 342);
INSERT INTO [segments] ([id], [round_id]) VALUES (2327, 538);
INSERT INTO [segments] ([id], [round_id]) VALUES (2328, 69);
INSERT INTO [segments] ([id], [round_id]) VALUES (2329, 395);
INSERT INTO [segments] ([id], [round_id]) VALUES (2330, 589);
INSERT INTO [segments] ([id], [round_id]) VALUES (2331, 206);
INSERT INTO [segments] ([id], [round_id]) VALUES (2332, 161);
INSERT INTO [segments] ([id], [round_id]) VALUES (2333, 394);
INSERT INTO [segments] ([id], [round_id]) VALUES (2334, 264);
INSERT INTO [segments] ([id], [round_id]) VALUES (2335, 607);
INSERT INTO [segments] ([id], [round_id]) VALUES (2336, 509);
INSERT INTO [segments] ([id], [round_id]) VALUES (2337, 358);
INSERT INTO [segments] ([id], [round_id]) VALUES (2338, 476);
INSERT INTO [segments] ([id], [round_id]) VALUES (2339, 699);
INSERT INTO [segments] ([id], [round_id]) VALUES (2340, 703);
INSERT INTO [segments] ([id], [round_id]) VALUES (2341, 201);
INSERT INTO [segments] ([id], [round_id]) VALUES (2342, 376);
INSERT INTO [segments] ([id], [round_id]) VALUES (2343, 343);
INSERT INTO [segments] ([id], [round_id]) VALUES (2344, 404);
INSERT INTO [segments] ([id], [round_id]) VALUES (2345, 705);
INSERT INTO [segments] ([id], [round_id]) VALUES (2346, 291);
INSERT INTO [segments] ([id], [round_id]) VALUES (2347, 163);
INSERT INTO [segments] ([id], [round_id]) VALUES (2348, 84);
INSERT INTO [segments] ([id], [round_id]) VALUES (2349, 484);
INSERT INTO [segments] ([id], [round_id]) VALUES (2350, 17);
INSERT INTO [segments] ([id], [round_id]) VALUES (2351, 153);
INSERT INTO [segments] ([id], [round_id]) VALUES (2352, 256);
INSERT INTO [segments] ([id], [round_id]) VALUES (2353, 68);
INSERT INTO [segments] ([id], [round_id]) VALUES (2354, 53);
INSERT INTO [segments] ([id], [round_id]) VALUES (2355, 628);
INSERT INTO [segments] ([id], [round_id]) VALUES (2356, 270);
INSERT INTO [segments] ([id], [round_id]) VALUES (2357, 133);
INSERT INTO [segments] ([id], [round_id]) VALUES (2358, 566);
INSERT INTO [segments] ([id], [round_id]) VALUES (2359, 602);
INSERT INTO [segments] ([id], [round_id]) VALUES (2360, 248);
INSERT INTO [segments] ([id], [round_id]) VALUES (2361, 424);
INSERT INTO [segments] ([id], [round_id]) VALUES (2362, 261);
INSERT INTO [segments] ([id], [round_id]) VALUES (2363, 86);
INSERT INTO [segments] ([id], [round_id]) VALUES (2364, 3);
INSERT INTO [segments] ([id], [round_id]) VALUES (2365, 166);
INSERT INTO [segments] ([id], [round_id]) VALUES (2366, 416);
INSERT INTO [segments] ([id], [round_id]) VALUES (2367, 108);
INSERT INTO [segments] ([id], [round_id]) VALUES (2368, 160);
INSERT INTO [segments] ([id], [round_id]) VALUES (2369, 415);
INSERT INTO [segments] ([id], [round_id]) VALUES (2370, 256);
INSERT INTO [segments] ([id], [round_id]) VALUES (2371, 671);
INSERT INTO [segments] ([id], [round_id]) VALUES (2372, 454);
INSERT INTO [segments] ([id], [round_id]) VALUES (2373, 545);
INSERT INTO [segments] ([id], [round_id]) VALUES (2374, 604);
INSERT INTO [segments] ([id], [round_id]) VALUES (2375, 669);
INSERT INTO [segments] ([id], [round_id]) VALUES (2376, 541);
INSERT INTO [segments] ([id], [round_id]) VALUES (2377, 12);
INSERT INTO [segments] ([id], [round_id]) VALUES (2378, 539);
INSERT INTO [segments] ([id], [round_id]) VALUES (2379, 372);
INSERT INTO [segments] ([id], [round_id]) VALUES (2380, 117);
INSERT INTO [segments] ([id], [round_id]) VALUES (2381, 26);
INSERT INTO [segments] ([id], [round_id]) VALUES (2382, 72);
INSERT INTO [segments] ([id], [round_id]) VALUES (2383, 41);
INSERT INTO [segments] ([id], [round_id]) VALUES (2384, 573);
INSERT INTO [segments] ([id], [round_id]) VALUES (2385, 152);
INSERT INTO [segments] ([id], [round_id]) VALUES (2386, 407);
INSERT INTO [segments] ([id], [round_id]) VALUES (2387, 173);
INSERT INTO [segments] ([id], [round_id]) VALUES (2388, 588);
INSERT INTO [segments] ([id], [round_id]) VALUES (2389, 268);
INSERT INTO [segments] ([id], [round_id]) VALUES (2390, 308);
INSERT INTO [segments] ([id], [round_id]) VALUES (2391, 393);
INSERT INTO [segments] ([id], [round_id]) VALUES (2392, 63);
INSERT INTO [segments] ([id], [round_id]) VALUES (2393, 350);
INSERT INTO [segments] ([id], [round_id]) VALUES (2394, 431);
INSERT INTO [segments] ([id], [round_id]) VALUES (2395, 399);
INSERT INTO [segments] ([id], [round_id]) VALUES (2396, 606);
INSERT INTO [segments] ([id], [round_id]) VALUES (2397, 660);
INSERT INTO [segments] ([id], [round_id]) VALUES (2398, 167);
INSERT INTO [segments] ([id], [round_id]) VALUES (2399, 52);
INSERT INTO [segments] ([id], [round_id]) VALUES (2400, 611);
INSERT INTO [segments] ([id], [round_id]) VALUES (2401, 299);
INSERT INTO [segments] ([id], [round_id]) VALUES (2402, 573);
INSERT INTO [segments] ([id], [round_id]) VALUES (2403, 313);
INSERT INTO [segments] ([id], [round_id]) VALUES (2404, 675);
INSERT INTO [segments] ([id], [round_id]) VALUES (2405, 15);
INSERT INTO [segments] ([id], [round_id]) VALUES (2406, 137);
INSERT INTO [segments] ([id], [round_id]) VALUES (2407, 205);
INSERT INTO [segments] ([id], [round_id]) VALUES (2408, 24);
INSERT INTO [segments] ([id], [round_id]) VALUES (2409, 545);
INSERT INTO [segments] ([id], [round_id]) VALUES (2410, 677);
INSERT INTO [segments] ([id], [round_id]) VALUES (2411, 408);
INSERT INTO [segments] ([id], [round_id]) VALUES (2412, 47);
INSERT INTO [segments] ([id], [round_id]) VALUES (2413, 557);
INSERT INTO [segments] ([id], [round_id]) VALUES (2414, 612);
INSERT INTO [segments] ([id], [round_id]) VALUES (2415, 425);
INSERT INTO [segments] ([id], [round_id]) VALUES (2416, 263);
INSERT INTO [segments] ([id], [round_id]) VALUES (2417, 233);
INSERT INTO [segments] ([id], [round_id]) VALUES (2418, 424);
INSERT INTO [segments] ([id], [round_id]) VALUES (2419, 359);
INSERT INTO [segments] ([id], [round_id]) VALUES (2420, 690);
INSERT INTO [segments] ([id], [round_id]) VALUES (2421, 578);
INSERT INTO [segments] ([id], [round_id]) VALUES (2422, 93);
INSERT INTO [segments] ([id], [round_id]) VALUES (2423, 234);
INSERT INTO [segments] ([id], [round_id]) VALUES (2424, 707);
INSERT INTO [segments] ([id], [round_id]) VALUES (2425, 387);
INSERT INTO [segments] ([id], [round_id]) VALUES (2426, 114);
INSERT INTO [segments] ([id], [round_id]) VALUES (2427, 316);
INSERT INTO [segments] ([id], [round_id]) VALUES (2428, 382);
INSERT INTO [segments] ([id], [round_id]) VALUES (2429, 231);
INSERT INTO [segments] ([id], [round_id]) VALUES (2430, 355);
INSERT INTO [segments] ([id], [round_id]) VALUES (2431, 671);
INSERT INTO [segments] ([id], [round_id]) VALUES (2432, 208);
INSERT INTO [segments] ([id], [round_id]) VALUES (2433, 457);
INSERT INTO [segments] ([id], [round_id]) VALUES (2434, 479);
INSERT INTO [segments] ([id], [round_id]) VALUES (2435, 497);
INSERT INTO [segments] ([id], [round_id]) VALUES (2436, 379);
INSERT INTO [segments] ([id], [round_id]) VALUES (2437, 436);
INSERT INTO [segments] ([id], [round_id]) VALUES (2438, 640);
INSERT INTO [segments] ([id], [round_id]) VALUES (2439, 482);
INSERT INTO [segments] ([id], [round_id]) VALUES (2440, 293);
INSERT INTO [segments] ([id], [round_id]) VALUES (2441, 479);
INSERT INTO [segments] ([id], [round_id]) VALUES (2442, 543);
INSERT INTO [segments] ([id], [round_id]) VALUES (2443, 703);
INSERT INTO [segments] ([id], [round_id]) VALUES (2444, 362);
INSERT INTO [segments] ([id], [round_id]) VALUES (2445, 332);
INSERT INTO [segments] ([id], [round_id]) VALUES (2446, 523);
INSERT INTO [segments] ([id], [round_id]) VALUES (2447, 336);
INSERT INTO [segments] ([id], [round_id]) VALUES (2448, 498);
INSERT INTO [segments] ([id], [round_id]) VALUES (2449, 63);
INSERT INTO [segments] ([id], [round_id]) VALUES (2450, 324);
INSERT INTO [segments] ([id], [round_id]) VALUES (2451, 353);
INSERT INTO [segments] ([id], [round_id]) VALUES (2452, 601);
INSERT INTO [segments] ([id], [round_id]) VALUES (2453, 65);
INSERT INTO [segments] ([id], [round_id]) VALUES (2454, 465);
INSERT INTO [segments] ([id], [round_id]) VALUES (2455, 251);
INSERT INTO [segments] ([id], [round_id]) VALUES (2456, 167);
INSERT INTO [segments] ([id], [round_id]) VALUES (2457, 620);
INSERT INTO [segments] ([id], [round_id]) VALUES (2458, 371);
INSERT INTO [segments] ([id], [round_id]) VALUES (2459, 564);
INSERT INTO [segments] ([id], [round_id]) VALUES (2460, 79);
INSERT INTO [segments] ([id], [round_id]) VALUES (2461, 178);
INSERT INTO [segments] ([id], [round_id]) VALUES (2462, 657);
INSERT INTO [segments] ([id], [round_id]) VALUES (2463, 378);
INSERT INTO [segments] ([id], [round_id]) VALUES (2464, 527);
INSERT INTO [segments] ([id], [round_id]) VALUES (2465, 268);
INSERT INTO [segments] ([id], [round_id]) VALUES (2466, 308);
INSERT INTO [segments] ([id], [round_id]) VALUES (2467, 408);
INSERT INTO [segments] ([id], [round_id]) VALUES (2468, 572);
INSERT INTO [segments] ([id], [round_id]) VALUES (2469, 13);
INSERT INTO [segments] ([id], [round_id]) VALUES (2470, 316);
INSERT INTO [segments] ([id], [round_id]) VALUES (2471, 389);
INSERT INTO [segments] ([id], [round_id]) VALUES (2472, 205);
INSERT INTO [segments] ([id], [round_id]) VALUES (2473, 398);
INSERT INTO [segments] ([id], [round_id]) VALUES (2474, 91);
INSERT INTO [segments] ([id], [round_id]) VALUES (2475, 209);
INSERT INTO [segments] ([id], [round_id]) VALUES (2476, 64);
INSERT INTO [segments] ([id], [round_id]) VALUES (2477, 420);
INSERT INTO [segments] ([id], [round_id]) VALUES (2478, 661);
INSERT INTO [segments] ([id], [round_id]) VALUES (2479, 372);
INSERT INTO [segments] ([id], [round_id]) VALUES (2480, 92);
INSERT INTO [segments] ([id], [round_id]) VALUES (2481, 474);
INSERT INTO [segments] ([id], [round_id]) VALUES (2482, 328);
INSERT INTO [segments] ([id], [round_id]) VALUES (2483, 606);
INSERT INTO [segments] ([id], [round_id]) VALUES (2484, 547);
INSERT INTO [segments] ([id], [round_id]) VALUES (2485, 134);
INSERT INTO [segments] ([id], [round_id]) VALUES (2486, 338);
INSERT INTO [segments] ([id], [round_id]) VALUES (2487, 343);
INSERT INTO [segments] ([id], [round_id]) VALUES (2488, 694);
INSERT INTO [segments] ([id], [round_id]) VALUES (2489, 312);
INSERT INTO [segments] ([id], [round_id]) VALUES (2490, 675);
INSERT INTO [segments] ([id], [round_id]) VALUES (2491, 337);
INSERT INTO [segments] ([id], [round_id]) VALUES (2492, 568);
INSERT INTO [segments] ([id], [round_id]) VALUES (2493, 172);
INSERT INTO [segments] ([id], [round_id]) VALUES (2494, 692);
INSERT INTO [segments] ([id], [round_id]) VALUES (2495, 15);
INSERT INTO [segments] ([id], [round_id]) VALUES (2496, 307);
INSERT INTO [segments] ([id], [round_id]) VALUES (2497, 327);
INSERT INTO [segments] ([id], [round_id]) VALUES (2498, 444);
INSERT INTO [segments] ([id], [round_id]) VALUES (2499, 58);
INSERT INTO [segments] ([id], [round_id]) VALUES (2500, 136);
INSERT INTO [segments] ([id], [round_id]) VALUES (2501, 686);
INSERT INTO [segments] ([id], [round_id]) VALUES (2502, 416);
INSERT INTO [segments] ([id], [round_id]) VALUES (2503, 685);
INSERT INTO [segments] ([id], [round_id]) VALUES (2504, 109);
INSERT INTO [segments] ([id], [round_id]) VALUES (2505, 321);
INSERT INTO [segments] ([id], [round_id]) VALUES (2506, 470);
INSERT INTO [segments] ([id], [round_id]) VALUES (2507, 75);
INSERT INTO [segments] ([id], [round_id]) VALUES (2508, 567);
INSERT INTO [segments] ([id], [round_id]) VALUES (2509, 57);
INSERT INTO [segments] ([id], [round_id]) VALUES (2510, 370);
INSERT INTO [segments] ([id], [round_id]) VALUES (2511, 447);
INSERT INTO [segments] ([id], [round_id]) VALUES (2512, 453);
INSERT INTO [segments] ([id], [round_id]) VALUES (2513, 88);
INSERT INTO [segments] ([id], [round_id]) VALUES (2514, 283);
INSERT INTO [segments] ([id], [round_id]) VALUES (2515, 444);
INSERT INTO [segments] ([id], [round_id]) VALUES (2516, 293);
INSERT INTO [segments] ([id], [round_id]) VALUES (2517, 367);
INSERT INTO [segments] ([id], [round_id]) VALUES (2518, 543);
INSERT INTO [segments] ([id], [round_id]) VALUES (2519, 116);
INSERT INTO [segments] ([id], [round_id]) VALUES (2520, 141);
INSERT INTO [segments] ([id], [round_id]) VALUES (2521, 124);
INSERT INTO [segments] ([id], [round_id]) VALUES (2522, 263);
INSERT INTO [segments] ([id], [round_id]) VALUES (2523, 12);
INSERT INTO [segments] ([id], [round_id]) VALUES (2524, 355);
INSERT INTO [segments] ([id], [round_id]) VALUES (2525, 476);
INSERT INTO [segments] ([id], [round_id]) VALUES (2526, 589);
INSERT INTO [segments] ([id], [round_id]) VALUES (2527, 686);
INSERT INTO [segments] ([id], [round_id]) VALUES (2528, 349);
INSERT INTO [segments] ([id], [round_id]) VALUES (2529, 600);
INSERT INTO [segments] ([id], [round_id]) VALUES (2530, 597);
INSERT INTO [segments] ([id], [round_id]) VALUES (2531, 108);
INSERT INTO [segments] ([id], [round_id]) VALUES (2532, 283);
INSERT INTO [segments] ([id], [round_id]) VALUES (2533, 409);
INSERT INTO [segments] ([id], [round_id]) VALUES (2534, 83);
INSERT INTO [segments] ([id], [round_id]) VALUES (2535, 259);
INSERT INTO [segments] ([id], [round_id]) VALUES (2536, 635);
INSERT INTO [segments] ([id], [round_id]) VALUES (2537, 614);
INSERT INTO [segments] ([id], [round_id]) VALUES (2538, 585);
INSERT INTO [segments] ([id], [round_id]) VALUES (2539, 365);
INSERT INTO [segments] ([id], [round_id]) VALUES (2540, 142);
INSERT INTO [segments] ([id], [round_id]) VALUES (2541, 488);
INSERT INTO [segments] ([id], [round_id]) VALUES (2542, 684);
INSERT INTO [segments] ([id], [round_id]) VALUES (2543, 587);
INSERT INTO [segments] ([id], [round_id]) VALUES (2544, 557);
INSERT INTO [segments] ([id], [round_id]) VALUES (2545, 399);
INSERT INTO [segments] ([id], [round_id]) VALUES (2546, 99);
INSERT INTO [segments] ([id], [round_id]) VALUES (2547, 568);
INSERT INTO [segments] ([id], [round_id]) VALUES (2548, 627);
INSERT INTO [segments] ([id], [round_id]) VALUES (2549, 81);
INSERT INTO [segments] ([id], [round_id]) VALUES (2550, 595);
INSERT INTO [segments] ([id], [round_id]) VALUES (2551, 161);
INSERT INTO [segments] ([id], [round_id]) VALUES (2552, 58);
INSERT INTO [segments] ([id], [round_id]) VALUES (2553, 627);
INSERT INTO [segments] ([id], [round_id]) VALUES (2554, 476);
INSERT INTO [segments] ([id], [round_id]) VALUES (2555, 612);
INSERT INTO [segments] ([id], [round_id]) VALUES (2556, 554);
INSERT INTO [segments] ([id], [round_id]) VALUES (2557, 661);
INSERT INTO [segments] ([id], [round_id]) VALUES (2558, 356);
INSERT INTO [segments] ([id], [round_id]) VALUES (2559, 653);
INSERT INTO [segments] ([id], [round_id]) VALUES (2560, 587);
INSERT INTO [segments] ([id], [round_id]) VALUES (2561, 638);
INSERT INTO [segments] ([id], [round_id]) VALUES (2562, 691);
INSERT INTO [segments] ([id], [round_id]) VALUES (2563, 582);
INSERT INTO [segments] ([id], [round_id]) VALUES (2564, 423);
INSERT INTO [segments] ([id], [round_id]) VALUES (2565, 254);
INSERT INTO [segments] ([id], [round_id]) VALUES (2566, 645);
INSERT INTO [segments] ([id], [round_id]) VALUES (2567, 132);
INSERT INTO [segments] ([id], [round_id]) VALUES (2568, 327);
INSERT INTO [segments] ([id], [round_id]) VALUES (2569, 492);
INSERT INTO [segments] ([id], [round_id]) VALUES (2570, 1);
INSERT INTO [segments] ([id], [round_id]) VALUES (2571, 670);
INSERT INTO [segments] ([id], [round_id]) VALUES (2572, 705);
INSERT INTO [segments] ([id], [round_id]) VALUES (2573, 352);
INSERT INTO [segments] ([id], [round_id]) VALUES (2574, 369);
INSERT INTO [segments] ([id], [round_id]) VALUES (2575, 183);
INSERT INTO [segments] ([id], [round_id]) VALUES (2576, 644);
INSERT INTO [segments] ([id], [round_id]) VALUES (2577, 483);
INSERT INTO [segments] ([id], [round_id]) VALUES (2578, 300);
INSERT INTO [segments] ([id], [round_id]) VALUES (2579, 487);
INSERT INTO [segments] ([id], [round_id]) VALUES (2580, 72);
INSERT INTO [segments] ([id], [round_id]) VALUES (2581, 588);
INSERT INTO [segments] ([id], [round_id]) VALUES (2582, 707);
INSERT INTO [segments] ([id], [round_id]) VALUES (2583, 676);
INSERT INTO [segments] ([id], [round_id]) VALUES (2584, 318);
INSERT INTO [segments] ([id], [round_id]) VALUES (2585, 26);
INSERT INTO [segments] ([id], [round_id]) VALUES (2586, 554);
INSERT INTO [segments] ([id], [round_id]) VALUES (2587, 605);
INSERT INTO [segments] ([id], [round_id]) VALUES (2588, 286);
INSERT INTO [segments] ([id], [round_id]) VALUES (2589, 19);
INSERT INTO [segments] ([id], [round_id]) VALUES (2590, 675);
INSERT INTO [segments] ([id], [round_id]) VALUES (2591, 2);
INSERT INTO [segments] ([id], [round_id]) VALUES (2592, 103);
INSERT INTO [segments] ([id], [round_id]) VALUES (2593, 294);
INSERT INTO [segments] ([id], [round_id]) VALUES (2594, 356);
INSERT INTO [segments] ([id], [round_id]) VALUES (2595, 521);
INSERT INTO [segments] ([id], [round_id]) VALUES (2596, 650);
INSERT INTO [segments] ([id], [round_id]) VALUES (2597, 436);
INSERT INTO [segments] ([id], [round_id]) VALUES (2598, 239);
INSERT INTO [segments] ([id], [round_id]) VALUES (2599, 339);
INSERT INTO [segments] ([id], [round_id]) VALUES (2600, 344);
INSERT INTO [segments] ([id], [round_id]) VALUES (2601, 646);
INSERT INTO [segments] ([id], [round_id]) VALUES (2602, 327);
INSERT INTO [segments] ([id], [round_id]) VALUES (2603, 585);
INSERT INTO [segments] ([id], [round_id]) VALUES (2604, 705);
INSERT INTO [segments] ([id], [round_id]) VALUES (2605, 342);
INSERT INTO [segments] ([id], [round_id]) VALUES (2606, 709);
INSERT INTO [segments] ([id], [round_id]) VALUES (2607, 591);
INSERT INTO [segments] ([id], [round_id]) VALUES (2608, 661);
INSERT INTO [segments] ([id], [round_id]) VALUES (2609, 62);
INSERT INTO [segments] ([id], [round_id]) VALUES (2610, 211);
INSERT INTO [segments] ([id], [round_id]) VALUES (2611, 265);
INSERT INTO [segments] ([id], [round_id]) VALUES (2612, 490);
INSERT INTO [segments] ([id], [round_id]) VALUES (2613, 48);
INSERT INTO [segments] ([id], [round_id]) VALUES (2614, 260);
INSERT INTO [segments] ([id], [round_id]) VALUES (2615, 623);
INSERT INTO [segments] ([id], [round_id]) VALUES (2616, 618);
INSERT INTO [segments] ([id], [round_id]) VALUES (2617, 381);
INSERT INTO [segments] ([id], [round_id]) VALUES (2618, 213);
INSERT INTO [segments] ([id], [round_id]) VALUES (2619, 679);
INSERT INTO [segments] ([id], [round_id]) VALUES (2620, 526);
INSERT INTO [segments] ([id], [round_id]) VALUES (2621, 30);
INSERT INTO [segments] ([id], [round_id]) VALUES (2622, 550);
INSERT INTO [segments] ([id], [round_id]) VALUES (2623, 315);
INSERT INTO [segments] ([id], [round_id]) VALUES (2624, 183);
INSERT INTO [segments] ([id], [round_id]) VALUES (2625, 594);
INSERT INTO [segments] ([id], [round_id]) VALUES (2626, 52);
INSERT INTO [segments] ([id], [round_id]) VALUES (2627, 528);
INSERT INTO [segments] ([id], [round_id]) VALUES (2628, 123);
INSERT INTO [segments] ([id], [round_id]) VALUES (2629, 146);
INSERT INTO [segments] ([id], [round_id]) VALUES (2630, 28);
INSERT INTO [segments] ([id], [round_id]) VALUES (2631, 216);
INSERT INTO [segments] ([id], [round_id]) VALUES (2632, 271);
INSERT INTO [segments] ([id], [round_id]) VALUES (2633, 378);
INSERT INTO [segments] ([id], [round_id]) VALUES (2634, 497);
INSERT INTO [segments] ([id], [round_id]) VALUES (2635, 508);
INSERT INTO [segments] ([id], [round_id]) VALUES (2636, 172);
INSERT INTO [segments] ([id], [round_id]) VALUES (2637, 283);
INSERT INTO [segments] ([id], [round_id]) VALUES (2638, 30);
INSERT INTO [segments] ([id], [round_id]) VALUES (2639, 528);
INSERT INTO [segments] ([id], [round_id]) VALUES (2640, 104);
INSERT INTO [segments] ([id], [round_id]) VALUES (2641, 517);
INSERT INTO [segments] ([id], [round_id]) VALUES (2642, 332);
INSERT INTO [segments] ([id], [round_id]) VALUES (2643, 642);
INSERT INTO [segments] ([id], [round_id]) VALUES (2644, 242);
INSERT INTO [segments] ([id], [round_id]) VALUES (2645, 145);
INSERT INTO [segments] ([id], [round_id]) VALUES (2646, 47);
INSERT INTO [segments] ([id], [round_id]) VALUES (2647, 455);
INSERT INTO [segments] ([id], [round_id]) VALUES (2648, 280);
INSERT INTO [segments] ([id], [round_id]) VALUES (2649, 304);
INSERT INTO [segments] ([id], [round_id]) VALUES (2650, 610);
INSERT INTO [segments] ([id], [round_id]) VALUES (2651, 213);
INSERT INTO [segments] ([id], [round_id]) VALUES (2652, 188);
INSERT INTO [segments] ([id], [round_id]) VALUES (2653, 149);
INSERT INTO [segments] ([id], [round_id]) VALUES (2654, 460);
INSERT INTO [segments] ([id], [round_id]) VALUES (2655, 477);
INSERT INTO [segments] ([id], [round_id]) VALUES (2656, 515);
INSERT INTO [segments] ([id], [round_id]) VALUES (2657, 542);
INSERT INTO [segments] ([id], [round_id]) VALUES (2658, 337);
INSERT INTO [segments] ([id], [round_id]) VALUES (2659, 467);
INSERT INTO [segments] ([id], [round_id]) VALUES (2660, 663);
INSERT INTO [segments] ([id], [round_id]) VALUES (2661, 481);
INSERT INTO [segments] ([id], [round_id]) VALUES (2662, 356);
INSERT INTO [segments] ([id], [round_id]) VALUES (2663, 546);
INSERT INTO [segments] ([id], [round_id]) VALUES (2664, 349);
INSERT INTO [segments] ([id], [round_id]) VALUES (2665, 412);
INSERT INTO [segments] ([id], [round_id]) VALUES (2666, 585);
INSERT INTO [segments] ([id], [round_id]) VALUES (2667, 201);
INSERT INTO [segments] ([id], [round_id]) VALUES (2668, 80);
INSERT INTO [segments] ([id], [round_id]) VALUES (2669, 206);
INSERT INTO [segments] ([id], [round_id]) VALUES (2670, 199);
INSERT INTO [segments] ([id], [round_id]) VALUES (2671, 296);
INSERT INTO [segments] ([id], [round_id]) VALUES (2672, 497);
INSERT INTO [segments] ([id], [round_id]) VALUES (2673, 326);
INSERT INTO [segments] ([id], [round_id]) VALUES (2674, 79);
INSERT INTO [segments] ([id], [round_id]) VALUES (2675, 350);
INSERT INTO [segments] ([id], [round_id]) VALUES (2676, 657);
INSERT INTO [segments] ([id], [round_id]) VALUES (2677, 236);
INSERT INTO [segments] ([id], [round_id]) VALUES (2678, 573);
INSERT INTO [segments] ([id], [round_id]) VALUES (2679, 181);
INSERT INTO [segments] ([id], [round_id]) VALUES (2680, 629);
INSERT INTO [segments] ([id], [round_id]) VALUES (2681, 1);
INSERT INTO [segments] ([id], [round_id]) VALUES (2682, 102);
INSERT INTO [segments] ([id], [round_id]) VALUES (2683, 313);
INSERT INTO [segments] ([id], [round_id]) VALUES (2684, 533);
INSERT INTO [segments] ([id], [round_id]) VALUES (2685, 233);
INSERT INTO [segments] ([id], [round_id]) VALUES (2686, 271);
INSERT INTO [segments] ([id], [round_id]) VALUES (2687, 670);
INSERT INTO [segments] ([id], [round_id]) VALUES (2688, 660);
INSERT INTO [segments] ([id], [round_id]) VALUES (2689, 95);
INSERT INTO [segments] ([id], [round_id]) VALUES (2690, 14);
INSERT INTO [segments] ([id], [round_id]) VALUES (2691, 640);
INSERT INTO [segments] ([id], [round_id]) VALUES (2692, 135);
INSERT INTO [segments] ([id], [round_id]) VALUES (2693, 310);
INSERT INTO [segments] ([id], [round_id]) VALUES (2694, 685);
INSERT INTO [segments] ([id], [round_id]) VALUES (2695, 86);
INSERT INTO [segments] ([id], [round_id]) VALUES (2696, 669);
INSERT INTO [segments] ([id], [round_id]) VALUES (2697, 32);
INSERT INTO [segments] ([id], [round_id]) VALUES (2698, 706);
INSERT INTO [segments] ([id], [round_id]) VALUES (2699, 187);
INSERT INTO [segments] ([id], [round_id]) VALUES (2700, 479);
INSERT INTO [segments] ([id], [round_id]) VALUES (2701, 34);
INSERT INTO [segments] ([id], [round_id]) VALUES (2702, 667);
INSERT INTO [segments] ([id], [round_id]) VALUES (2703, 6);
INSERT INTO [segments] ([id], [round_id]) VALUES (2704, 612);
INSERT INTO [segments] ([id], [round_id]) VALUES (2705, 215);
INSERT INTO [segments] ([id], [round_id]) VALUES (2706, 378);
INSERT INTO [segments] ([id], [round_id]) VALUES (2707, 10);
INSERT INTO [segments] ([id], [round_id]) VALUES (2708, 593);
INSERT INTO [segments] ([id], [round_id]) VALUES (2709, 360);
INSERT INTO [segments] ([id], [round_id]) VALUES (2710, 556);
INSERT INTO [segments] ([id], [round_id]) VALUES (2711, 50);
INSERT INTO [segments] ([id], [round_id]) VALUES (2712, 102);
INSERT INTO [segments] ([id], [round_id]) VALUES (2713, 466);
INSERT INTO [segments] ([id], [round_id]) VALUES (2714, 474);
INSERT INTO [segments] ([id], [round_id]) VALUES (2715, 366);
INSERT INTO [segments] ([id], [round_id]) VALUES (2716, 509);
INSERT INTO [segments] ([id], [round_id]) VALUES (2717, 445);
INSERT INTO [segments] ([id], [round_id]) VALUES (2718, 303);
INSERT INTO [segments] ([id], [round_id]) VALUES (2719, 103);
INSERT INTO [segments] ([id], [round_id]) VALUES (2720, 694);
INSERT INTO [segments] ([id], [round_id]) VALUES (2721, 189);
INSERT INTO [segments] ([id], [round_id]) VALUES (2722, 673);
INSERT INTO [segments] ([id], [round_id]) VALUES (2723, 612);
INSERT INTO [segments] ([id], [round_id]) VALUES (2724, 563);
INSERT INTO [segments] ([id], [round_id]) VALUES (2725, 224);
INSERT INTO [segments] ([id], [round_id]) VALUES (2726, 702);
INSERT INTO [segments] ([id], [round_id]) VALUES (2727, 51);
INSERT INTO [segments] ([id], [round_id]) VALUES (2728, 165);
INSERT INTO [segments] ([id], [round_id]) VALUES (2729, 678);
INSERT INTO [segments] ([id], [round_id]) VALUES (2730, 552);
INSERT INTO [segments] ([id], [round_id]) VALUES (2731, 108);
INSERT INTO [segments] ([id], [round_id]) VALUES (2732, 329);
INSERT INTO [segments] ([id], [round_id]) VALUES (2733, 383);
INSERT INTO [segments] ([id], [round_id]) VALUES (2734, 512);
INSERT INTO [segments] ([id], [round_id]) VALUES (2735, 639);
INSERT INTO [segments] ([id], [round_id]) VALUES (2736, 410);
INSERT INTO [segments] ([id], [round_id]) VALUES (2737, 270);
INSERT INTO [segments] ([id], [round_id]) VALUES (2738, 336);
INSERT INTO [segments] ([id], [round_id]) VALUES (2739, 178);
INSERT INTO [segments] ([id], [round_id]) VALUES (2740, 439);
INSERT INTO [segments] ([id], [round_id]) VALUES (2741, 218);
INSERT INTO [segments] ([id], [round_id]) VALUES (2742, 31);
INSERT INTO [segments] ([id], [round_id]) VALUES (2743, 20);
INSERT INTO [segments] ([id], [round_id]) VALUES (2744, 529);
INSERT INTO [segments] ([id], [round_id]) VALUES (2745, 145);
INSERT INTO [segments] ([id], [round_id]) VALUES (2746, 327);
INSERT INTO [segments] ([id], [round_id]) VALUES (2747, 632);
INSERT INTO [segments] ([id], [round_id]) VALUES (2748, 47);
INSERT INTO [segments] ([id], [round_id]) VALUES (2749, 591);
INSERT INTO [segments] ([id], [round_id]) VALUES (2750, 153);
INSERT INTO [segments] ([id], [round_id]) VALUES (2751, 645);
INSERT INTO [segments] ([id], [round_id]) VALUES (2752, 194);
INSERT INTO [segments] ([id], [round_id]) VALUES (2753, 175);
INSERT INTO [segments] ([id], [round_id]) VALUES (2754, 295);
INSERT INTO [segments] ([id], [round_id]) VALUES (2755, 262);
INSERT INTO [segments] ([id], [round_id]) VALUES (2756, 627);
INSERT INTO [segments] ([id], [round_id]) VALUES (2757, 99);
INSERT INTO [segments] ([id], [round_id]) VALUES (2758, 611);
INSERT INTO [segments] ([id], [round_id]) VALUES (2759, 686);
INSERT INTO [segments] ([id], [round_id]) VALUES (2760, 654);
INSERT INTO [segments] ([id], [round_id]) VALUES (2761, 670);
INSERT INTO [segments] ([id], [round_id]) VALUES (2762, 104);
INSERT INTO [segments] ([id], [round_id]) VALUES (2763, 679);
INSERT INTO [segments] ([id], [round_id]) VALUES (2764, 449);
INSERT INTO [segments] ([id], [round_id]) VALUES (2765, 406);
INSERT INTO [segments] ([id], [round_id]) VALUES (2766, 666);
INSERT INTO [segments] ([id], [round_id]) VALUES (2767, 487);
INSERT INTO [segments] ([id], [round_id]) VALUES (2768, 594);
INSERT INTO [segments] ([id], [round_id]) VALUES (2769, 556);
INSERT INTO [segments] ([id], [round_id]) VALUES (2770, 320);
INSERT INTO [segments] ([id], [round_id]) VALUES (2771, 708);
INSERT INTO [segments] ([id], [round_id]) VALUES (2772, 643);
INSERT INTO [segments] ([id], [round_id]) VALUES (2773, 336);
INSERT INTO [segments] ([id], [round_id]) VALUES (2774, 290);
INSERT INTO [segments] ([id], [round_id]) VALUES (2775, 407);
INSERT INTO [segments] ([id], [round_id]) VALUES (2776, 110);
INSERT INTO [segments] ([id], [round_id]) VALUES (2777, 478);
INSERT INTO [segments] ([id], [round_id]) VALUES (2778, 196);
INSERT INTO [segments] ([id], [round_id]) VALUES (2779, 155);
INSERT INTO [segments] ([id], [round_id]) VALUES (2780, 697);
INSERT INTO [segments] ([id], [round_id]) VALUES (2781, 47);
INSERT INTO [segments] ([id], [round_id]) VALUES (2782, 103);
INSERT INTO [segments] ([id], [round_id]) VALUES (2783, 635);
INSERT INTO [segments] ([id], [round_id]) VALUES (2784, 107);
INSERT INTO [segments] ([id], [round_id]) VALUES (2785, 699);
INSERT INTO [segments] ([id], [round_id]) VALUES (2786, 157);
INSERT INTO [segments] ([id], [round_id]) VALUES (2787, 657);
INSERT INTO [segments] ([id], [round_id]) VALUES (2788, 132);
INSERT INTO [segments] ([id], [round_id]) VALUES (2789, 420);
INSERT INTO [segments] ([id], [round_id]) VALUES (2790, 520);
INSERT INTO [segments] ([id], [round_id]) VALUES (2791, 557);
INSERT INTO [segments] ([id], [round_id]) VALUES (2792, 338);
INSERT INTO [segments] ([id], [round_id]) VALUES (2793, 651);
INSERT INTO [segments] ([id], [round_id]) VALUES (2794, 644);
INSERT INTO [segments] ([id], [round_id]) VALUES (2795, 449);
INSERT INTO [segments] ([id], [round_id]) VALUES (2796, 210);
INSERT INTO [segments] ([id], [round_id]) VALUES (2797, 510);
INSERT INTO [segments] ([id], [round_id]) VALUES (2798, 32);
INSERT INTO [segments] ([id], [round_id]) VALUES (2799, 548);
INSERT INTO [segments] ([id], [round_id]) VALUES (2800, 467);
INSERT INTO [segments] ([id], [round_id]) VALUES (2801, 223);
INSERT INTO [segments] ([id], [round_id]) VALUES (2802, 562);
INSERT INTO [segments] ([id], [round_id]) VALUES (2803, 568);
INSERT INTO [segments] ([id], [round_id]) VALUES (2804, 435);
INSERT INTO [segments] ([id], [round_id]) VALUES (2805, 452);
INSERT INTO [segments] ([id], [round_id]) VALUES (2806, 151);
INSERT INTO [segments] ([id], [round_id]) VALUES (2807, 676);
INSERT INTO [segments] ([id], [round_id]) VALUES (2808, 615);
INSERT INTO [segments] ([id], [round_id]) VALUES (2809, 233);
INSERT INTO [segments] ([id], [round_id]) VALUES (2810, 501);
INSERT INTO [segments] ([id], [round_id]) VALUES (2811, 469);
INSERT INTO [segments] ([id], [round_id]) VALUES (2812, 239);
INSERT INTO [segments] ([id], [round_id]) VALUES (2813, 707);
INSERT INTO [segments] ([id], [round_id]) VALUES (2814, 709);
INSERT INTO [segments] ([id], [round_id]) VALUES (2815, 1);
INSERT INTO [segments] ([id], [round_id]) VALUES (2816, 577);
INSERT INTO [segments] ([id], [round_id]) VALUES (2817, 504);
INSERT INTO [segments] ([id], [round_id]) VALUES (2818, 359);
INSERT INTO [segments] ([id], [round_id]) VALUES (2819, 637);
INSERT INTO [segments] ([id], [round_id]) VALUES (2820, 648);
INSERT INTO [segments] ([id], [round_id]) VALUES (2821, 635);
INSERT INTO [segments] ([id], [round_id]) VALUES (2822, 663);
INSERT INTO [segments] ([id], [round_id]) VALUES (2823, 626);
INSERT INTO [segments] ([id], [round_id]) VALUES (2824, 539);
INSERT INTO [segments] ([id], [round_id]) VALUES (2825, 527);
INSERT INTO [segments] ([id], [round_id]) VALUES (2826, 14);
INSERT INTO [segments] ([id], [round_id]) VALUES (2827, 685);
INSERT INTO [segments] ([id], [round_id]) VALUES (2828, 62);
INSERT INTO [segments] ([id], [round_id]) VALUES (2829, 705);
INSERT INTO [segments] ([id], [round_id]) VALUES (2830, 561);
INSERT INTO [segments] ([id], [round_id]) VALUES (2831, 395);
INSERT INTO [segments] ([id], [round_id]) VALUES (2832, 162);
INSERT INTO [segments] ([id], [round_id]) VALUES (2833, 354);
INSERT INTO [segments] ([id], [round_id]) VALUES (2834, 371);
INSERT INTO [segments] ([id], [round_id]) VALUES (2835, 467);
INSERT INTO [segments] ([id], [round_id]) VALUES (2836, 191);
INSERT INTO [segments] ([id], [round_id]) VALUES (2837, 536);
INSERT INTO [segments] ([id], [round_id]) VALUES (2838, 666);
INSERT INTO [segments] ([id], [round_id]) VALUES (2839, 108);
INSERT INTO [segments] ([id], [round_id]) VALUES (2840, 662);
INSERT INTO [segments] ([id], [round_id]) VALUES (2841, 151);
INSERT INTO [segments] ([id], [round_id]) VALUES (2842, 186);
INSERT INTO [segments] ([id], [round_id]) VALUES (2843, 165);
INSERT INTO [segments] ([id], [round_id]) VALUES (2844, 418);
INSERT INTO [segments] ([id], [round_id]) VALUES (2845, 351);
INSERT INTO [segments] ([id], [round_id]) VALUES (2846, 101);
INSERT INTO [segments] ([id], [round_id]) VALUES (2847, 464);
INSERT INTO [segments] ([id], [round_id]) VALUES (2848, 632);
INSERT INTO [segments] ([id], [round_id]) VALUES (2849, 341);
INSERT INTO [segments] ([id], [round_id]) VALUES (2850, 69);
INSERT INTO [segments] ([id], [round_id]) VALUES (2851, 254);
INSERT INTO [segments] ([id], [round_id]) VALUES (2852, 700);
INSERT INTO [segments] ([id], [round_id]) VALUES (2853, 101);
INSERT INTO [segments] ([id], [round_id]) VALUES (2854, 239);
INSERT INTO [segments] ([id], [round_id]) VALUES (2855, 93);
INSERT INTO [segments] ([id], [round_id]) VALUES (2856, 362);
INSERT INTO [segments] ([id], [round_id]) VALUES (2857, 325);
INSERT INTO [segments] ([id], [round_id]) VALUES (2858, 273);
INSERT INTO [segments] ([id], [round_id]) VALUES (2859, 548);
INSERT INTO [segments] ([id], [round_id]) VALUES (2860, 228);
INSERT INTO [segments] ([id], [round_id]) VALUES (2861, 114);
INSERT INTO [segments] ([id], [round_id]) VALUES (2862, 99);
ALTER TABLE [rounds] ADD CONSTRAINT [FK_rounds_0] FOREIGN KEY ([campaign_id]) REFERENCES [campaigns] ([id]) ON DELETE NO ACTION ON UPDATE NO ACTION;
ALTER TABLE [segments] ADD CONSTRAINT [FK_segments_0] FOREIGN KEY ([round_id]) REFERENCES [rounds] ([id]) ON DELETE NO ACTION ON UPDATE NO ACTION;
